From	Entry	Protein names	PaxDb
CEBPD	P49716	CCAAT/enhancer-binding protein delta (C/EBP delta) (Nuclear factor NF-IL6-beta) (NF-IL6-beta)	9606-ENSP00000386165;
ZFY	P08048	Zinc finger Y-chromosomal protein	
GRHL1	Q9NZI5	Grainyhead-like protein 1 homolog (Mammalian grainyhead) (NH32) (Transcription factor CP2-like 2) (Transcription factor LBP-32)	9606-ENSP00000324693;
MAF1	Q9H063	Repressor of RNA polymerase III transcription MAF1 homolog	9606-ENSP00000318604;
ZBTB46	Q86UZ6	Zinc finger and BTB domain-containing protein 46 (BTB-ZF protein expressed in effector lymphocytes) (BZEL) (BTB/POZ domain-containing protein 4) (Zinc finger protein 340)	9606-ENSP00000378536;
ZNF260	Q3ZCT1	Zinc finger protein 260 (Zfp-260)	9606-ENSP00000429803;
ZMYM3	Q14202	Zinc finger MYM-type protein 3 (Zinc finger protein 261)	9606-ENSP00000322845;
ZBTB34	Q8NCN2	Zinc finger and BTB domain-containing protein 34	9606-ENSP00000362551;
LIN54	Q6MZP7	Protein lin-54 homolog (CXC domain-containing protein 1)	9606-ENSP00000341947;
ZNF580	Q9UK33	Zinc finger protein 580 (LDL-induced EC protein)	9606-ENSP00000443957;
DRAP1	Q14919	Dr1-associated corepressor (Dr1-associated protein 1) (Negative cofactor 2-alpha) (NC2-alpha)	9606-ENSP00000307850;
NAIF1	Q69YI7	Nuclear apoptosis-inducing factor 1	9606-ENSP00000362170;
NCOA5	Q9HCD5	Nuclear receptor coactivator 5 (NCoA-5) (Coactivator independent of AF-2) (CIA)	9606-ENSP00000290231;
ZNF564	Q8TBZ8	Zinc finger protein 564	9606-ENSP00000340004;
ZNF225	P18146	Early growth response protein 1 (EGR-1) (AT225) (Nerve growth factor-induced protein A) (NGFI-A) (Transcription factor ETR103) (Transcription factor Zif268) (Zinc finger protein 225) (Zinc finger protein Krox-24)	9606-ENSP00000239938;
ZNF225	Q9UK10	Zinc finger protein 225	9606-ENSP00000262894;
ZHX1	Q9UKY1	Zinc fingers and homeoboxes protein 1	9606-ENSP00000297857;
SATB2	Q9UPW6	DNA-binding protein SATB2 (Special AT-rich sequence-binding protein 2)	9606-ENSP00000401112;
ZBTB3	Q9H5J0	Zinc finger and BTB domain-containing protein 3	9606-ENSP00000378286;
MYPOP	Q86VE0	Myb-related transcription factor, partner of profilin (Myb-related protein p42POP) (Partner of profilin)	9606-ENSP00000325402;
ATF5	Q9Y2D1	Cyclic AMP-dependent transcription factor ATF-5 (cAMP-dependent transcription factor ATF-5) (Activating transcription factor 5) (Transcription factor ATFx)	9606-ENSP00000396954;
ZNF280D	Q6N043	Zinc finger protein 280D (Suppressor of hairy wing homolog 4) (Zinc finger protein 634)	9606-ENSP00000267807;
ZNF407	Q9C0G0	Zinc finger protein 407	9606-ENSP00000299687;
NR2C2	P49116	Nuclear receptor subfamily 2 group C member 2 (Orphan nuclear receptor TAK1) (Orphan nuclear receptor TR4) (Testicular receptor 4)	9606-ENSP00000483059;
SNAPC5	O75971	snRNA-activating protein complex subunit 5 (SNAPc subunit 5) (Small nuclear RNA-activating complex polypeptide 5) (snRNA-activating protein complex 19 kDa subunit) (SNAPc 19 kDa subunit)	9606-ENSP00000319597;
ZNF672	Q499Z4	Zinc finger protein 672	9606-ENSP00000421915;
ZSCAN12	O43309	Zinc finger and SCAN domain-containing protein 12 (Zinc finger protein 305) (Zinc finger protein 96)	9606-ENSP00000354305;
GZF1	Q9H116	GDNF-inducible zinc finger protein 1 (Zinc finger and BTB domain-containing protein 23) (Zinc finger protein 336)	9606-ENSP00000338290;
HDAC2	Q92769	Histone deacetylase 2 (HD2) (EC 3.5.1.98) (Protein deacylase HDAC2) (EC 3.5.1.-)	9606-ENSP00000430432;
AKAP8	O43823	A-kinase anchor protein 8 (AKAP-8) (A-kinase anchor protein 95 kDa) (AKAP 95)	9606-ENSP00000269701;
MYC	P01106	Myc proto-oncogene protein (Class E basic helix-loop-helix protein 39) (bHLHe39) (Proto-oncogene c-Myc) (Transcription factor p64)	9606-ENSP00000479618;
KLF16	Q9BXK1	Krueppel-like factor 16 (Basic transcription element-binding protein 4) (BTE-binding protein 4) (Novel Sp1-like zinc finger transcription factor 2) (Transcription factor BTEB4) (Transcription factor NSLP2)	9606-ENSP00000250916;
PRMT3	O60678	Protein arginine N-methyltransferase 3 (EC 2.1.1.319) (Heterogeneous nuclear ribonucleoprotein methyltransferase-like protein 3)	9606-ENSP00000331879;
ZNF430	Q9H8G1	Zinc finger protein 430	9606-ENSP00000261560;
GTF3A	Q92664	Transcription factor IIIA (TFIIIA)	9606-ENSP00000370532;
DLX6	P56179	Homeobox protein DLX-6	9606-ENSP00000428480;
ZSCAN25	Q6NSZ9	Zinc finger and SCAN domain-containing protein 25 (Zinc finger protein 498)	9606-ENSP00000377708;
MXD4	Q14582	Max dimerization protein 4 (Max dimerizer 4) (Class C basic helix-loop-helix protein 12) (bHLHc12) (Max-associated protein 4) (Max-interacting transcriptional repressor MAD4)	9606-ENSP00000337889;
CBX2	Q14781	Chromobox protein homolog 2	9606-ENSP00000308750;
ZNF326	Q5BKZ1	DBIRD complex subunit ZNF326 (Zinc finger protein 326) (Zinc finger protein interacting with mRNPs and DBC1)	9606-ENSP00000340796;
SRY	Q05066	Sex-determining region Y protein (Testis-determining factor)	
ZNF660	Q6AZW8	Zinc finger protein 660	9606-ENSP00000324605;
ZNF121	P58317	Zinc finger protein 121 (Zinc finger protein 20)	9606-ENSP00000326967;
HMG20B	Q9P0W2	SWI/SNF-related matrix-associated actin-dependent regulator of chromatin subfamily E member 1-related (SMARCE1-related protein) (BRCA2-associated factor 35) (HMG box-containing protein 20B) (HMG domain-containing protein 2) (HMG domain-containing protein HMGX2) (Sox-like transcriptional factor) (Structural DNA-binding protein BRAF35)	9606-ENSP00000328269;
BORCS8	Q96FH0	BLOC-1-related complex subunit 8 (MEF2B neighbor)	9606-ENSP00000425864;
ZNF483	Q8TF39	Zinc finger protein 483 (Zinc finger protein with KRAB and SCAN domains 16)	9606-ENSP00000311679;
GATAD2A	Q86YP4	Transcriptional repressor p66-alpha (Hp66alpha) (GATA zinc finger domain-containing protein 2A)	9606-ENSP00000353463;
RBAK	Q9NYW8	RB-associated KRAB zinc finger protein (RB-associated KRAB repressor) (hRBaK) (Zinc finger protein 769)	9606-ENSP00000380120;
USF1	P22415	Upstream stimulatory factor 1 (Class B basic helix-loop-helix protein 11) (bHLHb11) (Major late transcription factor 1)	9606-ENSP00000357000;
HBP1	O60381	HMG box-containing protein 1 (HMG box transcription factor 1) (High mobility group box transcription factor 1)	9606-ENSP00000222574;
HBP1	Q8IV16	Glycosylphosphatidylinositol-anchored high density lipoprotein-binding protein 1 (GPI-HBP1) (GPI-anchored HDL-binding protein 1) (High density lipoprotein-binding protein 1)	9606-ENSP00000480053;
SP4	Q02446	Transcription factor Sp4 (SPR-1)	9606-ENSP00000222584;
REL	Q04864	Proto-oncogene c-Rel	9606-ENSP00000295025;
IKZF5	Q9H5V7	Zinc finger protein Pegasus (Ikaros family zinc finger protein 5)	9606-ENSP00000357881;
CENPX	A8MT69	Centromere protein X (CENP-X) (FANCM-associated histone fold protein 2) (FANCM-interacting histone fold protein 2) (Fanconi anemia-associated polypeptide of 10 kDa) (Retinoic acid-inducible gene D9 protein homolog) (Stimulated by retinoic acid gene 13 protein homolog)	9606-ENSP00000376168;
ZNF44	P15621	Zinc finger protein 44 (Gonadotropin-inducible ovary transcription repressor 2) (GIOT-2) (Zinc finger protein 55) (Zinc finger protein 58) (Zinc finger protein KOX7)	9606-ENSP00000348419;
RXRA	P19793	Retinoic acid receptor RXR-alpha (Nuclear receptor subfamily 2 group B member 1) (Retinoid X receptor alpha)	9606-ENSP00000419692;
CTCF	P49711	Transcriptional repressor CTCF (11-zinc finger protein) (CCCTC-binding factor) (CTCFL paralog)	9606-ENSP00000264010;
KMT2A	Q03164	Histone-lysine N-methyltransferase 2A (Lysine N-methyltransferase 2A) (EC 2.1.1.364) (ALL-1) (CXXC-type zinc finger protein 7) (Cysteine methyltransferase KMT2A) (EC 2.1.1.-) (Myeloid/lymphoid or mixed-lineage leukemia) (Myeloid/lymphoid or mixed-lineage leukemia protein 1) (Trithorax-like protein) (Zinc finger protein HRX) [Cleaved into: MLL cleavage product N320 (N-terminal cleavage product of 320 kDa) (p320); MLL cleavage product C180 (C-terminal cleavage product of 180 kDa) (p180)]	9606-ENSP00000436786;
YEATS4	O95619	YEATS domain-containing protein 4 (Glioma-amplified sequence 41) (Gas41) (NuMA-binding protein 1) (NuBI-1) (NuBI1)	9606-ENSP00000247843;
BHLHA15	Q7RTS1	Class A basic helix-loop-helix protein 15 (bHLHa15) (Class B basic helix-loop-helix protein 8) (bHLHb8) (Muscle, intestine and stomach expression 1) (MIST-1)	9606-ENSP00000476312;
BCL3	P20749	B-cell lymphoma 3 protein (BCL-3) (Proto-oncogene BCL3)	9606-ENSP00000164227;
ZNF180	Q9UJW8	Zinc finger protein 180 (HHZ168)	9606-ENSP00000221327;
EED	O75530	Polycomb protein EED (hEED) (Embryonic ectoderm development protein) (WD protein associating with integrin cytoplasmic tails 1) (WAIT-1)	9606-ENSP00000263360;
ZNF33A	Q06730	Zinc finger protein 33A (Zinc finger and ZAK-associated protein with KRAB domain) (ZZaPK) (Zinc finger protein 11A) (Zinc finger protein KOX31)	9606-ENSP00000304268;
ZNF296	Q8WUU4	Zinc finger protein 296 (ZFP296) (Zinc finger protein 342)	9606-ENSP00000302770;
ZBTB26	Q9HCK0	Zinc finger and BTB domain-containing protein 26 (Zinc finger protein 481) (Zinc finger protein Bioref)	9606-ENSP00000362760;
ZNF746	Q6NUN9	Zinc finger protein 746 (Parkin-interacting substrate) (PARIS)	9606-ENSP00000395007;
RARA	P10276	Retinoic acid receptor alpha (RAR-alpha) (Nuclear receptor subfamily 1 group B member 1)	9606-ENSP00000254066;
SIX4	Q9UIU6	Homeobox protein SIX4 (Sine oculis homeobox homolog 4)	9606-ENSP00000216513;
TCF3	P15923	Transcription factor E2-alpha (Class B basic helix-loop-helix protein 21) (bHLHb21) (Immunoglobulin enhancer-binding factor E12/E47) (Immunoglobulin transcription factor 1) (Kappa-E2-binding factor) (Transcription factor 3) (TCF-3) (Transcription factor ITF-1)	9606-ENSP00000262965;
TCF3	Q9HCS4	Transcription factor 7-like 1 (HMG box transcription factor 3) (TCF-3)	9606-ENSP00000282111;
THRA	P10827	Thyroid hormone receptor alpha (Nuclear receptor subfamily 1 group A member 1) (V-erbA-related protein 7) (EAR-7) (c-erbA-1) (c-erbA-alpha)	9606-ENSP00000264637;
HNF4A	P41235	Hepatocyte nuclear factor 4-alpha (HNF-4-alpha) (Nuclear receptor subfamily 2 group A member 1) (Transcription factor 14) (TCF-14) (Transcription factor HNF-4)	9606-ENSP00000312987;
ZNF639	Q9UID6	Zinc finger protein 639 (Zinc finger protein ANC_2H01) (Zinc finger protein ZASC1)	9606-ENSP00000325634;
MEF2D	Q14814	Myocyte-specific enhancer factor 2D	9606-ENSP00000271555;
ZNF576	B3KS81	Serine/arginine repetitive matrix protein 5	9606-ENSP00000476253;
ZNF576	Q9H609	Zinc finger protein 576	9606-ENSP00000337852;
FOXO1	Q12778	Forkhead box protein O1 (Forkhead box protein O1A) (Forkhead in rhabdomyosarcoma)	9606-ENSP00000368880;
ZNF703	Q9H7S9	Zinc finger protein 703 (Zinc finger elbow-related proline domain protein 1)	9606-ENSP00000332325;
ZFP62	Q8NB50	Zinc finger protein 62 homolog (Zfp-62)	9606-ENSP00000423820;
NR3C1	P04150	Glucocorticoid receptor (GR) (Nuclear receptor subfamily 3 group C member 1)	9606-ENSP00000231509;
ARNT2	Q9HBZ2	Aryl hydrocarbon receptor nuclear translocator 2 (ARNT protein 2) (Class E basic helix-loop-helix protein 1) (bHLHe1)	9606-ENSP00000307479;
ZNF644	Q9H582	Zinc finger protein 644 (Zinc finger motif enhancer-binding protein 2) (Zep-2)	9606-ENSP00000337008;
ZNF431	Q8TF32	Zinc finger protein 431	9606-ENSP00000308578;
PPARG	P37231	Peroxisome proliferator-activated receptor gamma (PPAR-gamma) (Nuclear receptor subfamily 1 group C member 3)	9606-ENSP00000287820;
ZNF25	P17030	Zinc finger protein 25 (Zinc finger protein KOX19)	9606-ENSP00000302222;
ZC3H8	Q8N5P1	Zinc finger CCCH domain-containing protein 8	9606-ENSP00000386488;
NFE2	Q16621	Transcription factor NF-E2 45 kDa subunit (Leucine zipper protein NF-E2) (Nuclear factor, erythroid-derived 2 45 kDa subunit) (p45 NF-E2)	9606-ENSP00000439120;
IRF5	Q13568	Interferon regulatory factor 5 (IRF-5)	9606-ENSP00000349770;
FOXP1	Q9H334	Forkhead box protein P1 (Mac-1-regulated forkhead) (MFH)	9606-ENSP00000484803;
ZNF850	A8MQ14	Zinc finger protein 850	9606-ENSP00000464976;
GMEB1	Q9Y692	Glucocorticoid modulatory element-binding protein 1 (GMEB-1) (DNA-binding protein p96PIF) (Parvovirus initiation factor p96) (PIF p96)	9606-ENSP00000294409;
SNAPC4	Q5SXM2	snRNA-activating protein complex subunit 4 (SNAPc subunit 4) (Proximal sequence element-binding transcription factor subunit alpha) (PSE-binding factor subunit alpha) (PTF subunit alpha) (snRNA-activating protein complex 190 kDa subunit) (SNAPc 190 kDa subunit)	9606-ENSP00000298532;
SKIL	P12757	Ski-like protein (Ski-related oncogene) (Ski-related protein)	9606-ENSP00000415243;
ZNF883	P0CG24	Zinc finger protein 883	
ZNF12	P17014	Zinc finger protein 12 (Gonadotropin-inducible ovary transcription repressor 3) (GIOT-3) (Zinc finger protein 325) (Zinc finger protein KOX3)	9606-ENSP00000385939;
ATF4	P18848	Cyclic AMP-dependent transcription factor ATF-4 (cAMP-dependent transcription factor ATF-4) (Activating transcription factor 4) (Cyclic AMP-responsive element-binding protein 2) (CREB-2) (cAMP-responsive element-binding protein 2) (Tax-responsive enhancer element-binding protein 67) (TaxREB67)	9606-ENSP00000336790;
ZNF335	Q9H4Z2	Zinc finger protein 335 (NRC-interacting factor 1) (NIF-1)	9606-ENSP00000325326;
POGZ	Q7Z3K3	Pogo transposable element with ZNF domain (Suppressor of hairy wing homolog 5) (Zinc finger protein 280E) (Zinc finger protein 635)	9606-ENSP00000271715;
ZNF697	Q5TEC3	Zinc finger protein 697	9606-ENSP00000396857;
NFYA	P23511	Nuclear transcription factor Y subunit alpha (CAAT box DNA-binding protein subunit A) (Nuclear transcription factor Y subunit A) (NF-YA)	9606-ENSP00000345702;
ZNF749	O43361	Zinc finger protein 749	9606-ENSP00000333980;
ZNF490	Q9ULM2	Zinc finger protein 490	9606-ENSP00000311521;
ZNF786	Q8N393	Zinc finger protein 786	9606-ENSP00000417470;
FOSL2	P15408	Fos-related antigen 2 (FRA-2)	9606-ENSP00000264716;
DMTF1	Q9Y222	Cyclin-D-binding Myb-like transcription factor 1 (hDMTF1) (Cyclin-D-interacting Myb-like protein 1) (hDMP1)	9606-ENSP00000378193;
NFIL3	Q16649	Nuclear factor interleukin-3-regulated protein (E4 promoter-binding protein 4) (Interleukin-3 promoter transcriptional activator) (Interleukin-3-binding protein 1) (Transcriptional activator NF-IL3A)	9606-ENSP00000297689;
SMAD9	O15198	Mothers against decapentaplegic homolog 9 (MAD homolog 9) (Mothers against DPP homolog 9) (Madh6) (SMAD family member 9) (SMAD 9) (Smad9)	9606-ENSP00000369154;
FUBP1	Q96AE4	Far upstream element-binding protein 1 (FBP) (FUSE-binding protein 1) (DNA helicase V) (hDH V)	9606-ENSP00000359804;
PREB	Q9HCU5	Guanine nucleotide-exchange factor SEC12 (Prolactin regulatory element-binding protein)	9606-ENSP00000260643;
ZBTB2	Q8N680	Zinc finger and BTB domain-containing protein 2	9606-ENSP00000323183;
ZNF256	Q9Y2P7	Zinc finger protein 256 (Bone marrow zinc finger 3) (BMZF-3)	9606-ENSP00000282308;
ZNF224	Q9NZL3	Zinc finger protein 224 (Bone marrow zinc finger 2) (BMZF-2) (Zinc finger protein 233) (Zinc finger protein 255) (Zinc finger protein 27) (Zinc finger protein KOX22)	9606-ENSP00000337368;
PHF21A	Q96BD5	PHD finger protein 21A (BHC80a) (BRAF35-HDAC complex protein BHC80)	9606-ENSP00000398824;
ZNF710	Q8N1W2	Zinc finger protein 710	9606-ENSP00000268154;
ZNF329	Q86UD4	Zinc finger protein 329	9606-ENSP00000470323;
SOX18	P35713	Transcription factor SOX-18	9606-ENSP00000341815;
ZNF468	Q5VIY5	Zinc finger protein 468	9606-ENSP00000470381;
ZFX	P17010	Zinc finger X-chromosomal protein	9606-ENSP00000368475;
JRK	O75564	Jerky protein homolog	9606-ENSP00000482410;
FOXC1	Q12948	Forkhead box protein C1 (Forkhead-related protein FKHL7) (Forkhead-related transcription factor 3) (FREAC-3)	9606-ENSP00000370256;
ZMYM2	Q9UBW7	Zinc finger MYM-type protein 2 (Fused in myeloproliferative disorders protein) (Rearranged in atypical myeloproliferative disorder protein) (Zinc finger protein 198)	9606-ENSP00000479904;
MGA	O43451	Maltase-glucoamylase (Alpha-1,4-glucosidase) (EC 3.2.1.20)	9606-ENSP00000447378;
MGA	Q8IWI9	MAX gene-associated protein (MAX dimerization protein 5)	9606-ENSP00000219905;
TBX2	Q13207	T-box transcription factor TBX2 (T-box protein 2)	9606-ENSP00000240328;
ZNF552	Q9H707	Zinc finger protein 552	9606-ENSP00000375582;
TIGD6	Q17RP2	Tigger transposable element-derived protein 6	9606-ENSP00000296736;
ZCCHC11	Q5TAX3	Terminal uridylyltransferase 4 (TUTase 4) (EC 2.7.7.52) (Zinc finger CCHC domain-containing protein 11)	9606-ENSP00000257177;
ZNF770	Q6IQ21	Zinc finger protein 770	9606-ENSP00000348673;
CSRNP2	Q9H175	Cysteine/serine-rich nuclear protein 2 (CSRNP-2) (Protein FAM130A1) (TGF-beta-induced apoptosis protein 12) (TAIP-12)	9606-ENSP00000228515;
ZNF354B	Q96LW1	Zinc finger protein 354B	9606-ENSP00000327143;
ZBTB10	Q96DT7	Zinc finger and BTB domain-containing protein 10 (Zinc finger protein RIN ZF)	9606-ENSP00000387462;
ZNF577	Q9BSK1	Zinc finger protein 577	9606-ENSP00000301399;
GLMP	Q8WWB7	Glycosylated lysosomal membrane protein (Lysosomal protein NCU-G1)	9606-ENSP00000354553;
MLXIP	Q9HAP2	MLX-interacting protein (Class E basic helix-loop-helix protein 36) (bHLHe36) (Transcriptional activator MondoA)	9606-ENSP00000312834;
ZNF747	Q9BV97	Zinc finger protein 747	9606-ENSP00000455659;
ELF4	Q99607	ETS-related transcription factor Elf-4 (E74-like factor 4) (Myeloid Elf-1-like factor)	9606-ENSP00000311280;
TCF12	Q99081	Transcription factor 12 (TCF-12) (Class B basic helix-loop-helix protein 20) (bHLHb20) (DNA-binding protein HTF4) (E-box-binding protein) (Transcription factor HTF-4)	9606-ENSP00000388940;
GATA2	P23769	Endothelial transcription factor GATA-2 (GATA-binding protein 2)	9606-ENSP00000345681;
ZNF362	Q5T0B9	Zinc finger protein 362	9606-ENSP00000446335;
PRDM10	Q9NQV6	PR domain zinc finger protein 10 (EC 2.1.1.-) (PR domain-containing protein 10) (Tristanin)	9606-ENSP00000351686;
BATF2	Q8N1L9	Basic leucine zipper transcriptional factor ATF-like 2 (B-ATF-2) (Suppressor of AP-1 regulated by IFN) (SARI)	9606-ENSP00000301887;
ZNF451	Q9Y4E5	E3 SUMO-protein ligase ZNF451 (EC 2.3.2.-) (Coactivator for steroid receptors) (E3 SUMO-protein transferase ZNF451) (Zinc finger protein 451)	9606-ENSP00000359740;
ZNF788	Q6ZQV5	Putative KRAB domain-containing protein ZNF788 (Zinc finger family member 788, pseudogene)	
SMAD7	O15105	Mothers against decapentaplegic homolog 7 (MAD homolog 7) (Mothers against DPP homolog 7) (Mothers against decapentaplegic homolog 8) (MAD homolog 8) (Mothers against DPP homolog 8) (SMAD family member 7) (SMAD 7) (Smad7) (hSMAD7)	9606-ENSP00000262158;
IKZF4	Q9H2S9	Zinc finger protein Eos (Ikaros family zinc finger protein 4)	9606-ENSP00000262032;
MTA3	Q9BTC8	Metastasis-associated protein MTA3	9606-ENSP00000383973;
HMGXB3	Q12766	HMG domain-containing protein 3 (HMG box-containing protein 3) (Protein SMF)	9606-ENSP00000421917;
BRF2	Q9HAW0	Transcription factor IIIB 50 kDa subunit (TFIIIB50) (hTFIIIB50) (B-related factor 2) (BRF-2) (hBRFU)	9606-ENSP00000220659;
KDM1A	O60341	Lysine-specific histone demethylase 1A (EC 1.14.99.66) (BRAF35-HDAC complex protein BHC110) (Flavin-containing amine oxidase domain-containing protein 2) ([histone H3]-dimethyl-L-lysine(4) FAD-dependent demethylase 1A)	9606-ENSP00000383042;
ZNF181	Q2M3W8	Zinc finger protein 181 (HHZ181)	9606-ENSP00000420727;
MTF1	Q01538	Myelin transcription factor 1 (MyT1) (Myelin transcription factor I) (MyTI) (PLPB1) (Proteolipid protein-binding protein)	9606-ENSP00000327465;
MTF1	Q14872	Metal regulatory transcription factor 1 (MRE-binding transcription factor) (Transcription factor MTF-1)	9606-ENSP00000362127;
E2F1	Q01094	Transcription factor E2F1 (E2F-1) (PBR3) (Retinoblastoma-associated protein 1) (RBAP-1) (Retinoblastoma-binding protein 3) (RBBP-3) (pRB-binding protein E2F-1)	9606-ENSP00000345571;
ZNF414	Q96IQ9	Zinc finger protein 414	9606-ENSP00000377504;
ZNF891	A8MT65	Zinc finger protein 891	9606-ENSP00000437590;
NPAS2	Q99743	Neuronal PAS domain-containing protein 2 (Neuronal PAS2) (Basic-helix-loop-helix-PAS protein MOP4) (Class E basic helix-loop-helix protein 9) (bHLHe9) (Member of PAS protein 4) (PAS domain-containing protein 4)	9606-ENSP00000338283;
TEAD4	Q15561	Transcriptional enhancer factor TEF-3 (TEA domain family member 4) (TEAD-4) (Transcription factor 13-like 1) (Transcription factor RTEF-1)	9606-ENSP00000352926;
ZBTB49	Q6ZSB9	Zinc finger and BTB domain-containing protein 49 (Zinc finger protein 509)	9606-ENSP00000338807;
RNF219	Q5W0B1	ORC ubiquitin ligase 1 (OBI1) (EC 2.3.2.27) (RING finger protein 219)	9606-ENSP00000282003;
SP5	Q6BEB4	Transcription factor Sp5	9606-ENSP00000364430;
UBTF	P17480	Nucleolar transcription factor 1 (Autoantigen NOR-90) (Upstream-binding factor 1) (UBF-1)	9606-ENSP00000302640;
ZBTB24	O43167	Zinc finger and BTB domain-containing protein 24 (Zinc finger protein 450)	9606-ENSP00000230122;
CENPBD1	B2RD01	Putative CENPB DNA-binding domain-containing protein 1	9606-ENSP00000393854;
GPN1	Q9HCN4	GPN-loop GTPase 1 (EC 3.6.5.-) (MBD2-interacting protein) (MBDin) (RNAPII-associated protein 4) (XPA-binding protein 1)	9606-ENSP00000264718;
TRIM24	O15164	Transcription intermediary factor 1-alpha (TIF1-alpha) (EC 2.3.2.27) (E3 ubiquitin-protein ligase TRIM24) (RING finger protein 82) (RING-type E3 ubiquitin transferase TIF1-alpha) (Tripartite motif-containing protein 24)	9606-ENSP00000340507;
ZNF773	Q6PK81	Zinc finger protein 773 (Zinc finger protein 419B)	9606-ENSP00000282292;
CSRNP1	Q96S65	Cysteine/serine-rich nuclear protein 1 (CSRNP-1) (Axin-1 up-regulated gene 1 protein) (Protein URAX1) (TGF-beta-induced apoptosis protein 3) (TAIP-3)	9606-ENSP00000273153;
SRF	P11831	Serum response factor (SRF)	9606-ENSP00000265354;
ZSCAN29	Q8IWY8	Zinc finger and SCAN domain-containing protein 29 (Zinc finger protein 690)	9606-ENSP00000380174;
MIXL1	Q9H2W2	Homeobox protein MIXL1 (Homeodomain protein MIX) (hMix) (MIX1 homeobox-like protein 1) (Mix.1 homeobox-like protein)	9606-ENSP00000442439;
ZNF235	Q14590	Zinc finger protein 235 (Zinc finger protein 270) (Zinc finger protein 93 homolog) (Zfp-93) (Zinc finger protein HZF6)	9606-ENSP00000291182;
AKNA	Q7Z591	Microtubule organization protein AKNA (AT-hook-containing transcription factor)	9606-ENSP00000303769;
ZNF574	Q6ZN55	Zinc finger protein 574	9606-ENSP00000469029;
ZNF7	P17097	Zinc finger protein 7 (Zinc finger protein HF.16) (Zinc finger protein KOX4)	9606-ENSP00000393260;
MED8	Q96G25	Mediator of RNA polymerase II transcription subunit 8 (Activator-recruited cofactor 32 kDa component) (ARC32) (Mediator complex subunit 8)	9606-ENSP00000290663;
ELK4	P28324	ETS domain-containing protein Elk-4 (Serum response factor accessory protein 1) (SAP-1) (SRF accessory protein 1)	9606-ENSP00000350681;
TFAP4	Q01664	Transcription factor AP-4 (Activating enhancer-binding protein 4) (Class C basic helix-loop-helix protein 41) (bHLHc41)	9606-ENSP00000204517;
ZBTB38	Q8NAP3	Zinc finger and BTB domain-containing protein 38	9606-ENSP00000426387;
ZC3H13	Q5T200	Zinc finger CCCH domain-containing protein 13	9606-ENSP00000282007;
ZMAT3	Q9HA38	Zinc finger matrin-type protein 3 (Zinc finger protein WIG-1) (p53-activated gene 608 protein)	9606-ENSP00000311221;
FBXL19	Q6PCT2	F-box/LRR-repeat protein 19 (F-box and leucine-rich repeat protein 19)	9606-ENSP00000369666;
DNMT1	P26358	DNA (cytosine-5)-methyltransferase 1 (Dnmt1) (EC 2.1.1.37) (CXXC-type zinc finger protein 9) (DNA methyltransferase HsaI) (DNA MTase HsaI) (M.HsaI) (MCMT)	9606-ENSP00000352516;
NR5A1	Q13285	Steroidogenic factor 1 (SF-1) (STF-1) (hSF-1) (Adrenal 4-binding protein) (Fushi tarazu factor homolog 1) (Nuclear receptor subfamily 5 group A member 1) (Steroid hormone receptor Ad4BP)	9606-ENSP00000362690;
NACC2	Q96BF6	Nucleus accumbens-associated protein 2 (NAC-2) (BTB/POZ domain-containing protein 14A) (Repressor with BTB domain and BEN domain)	9606-ENSP00000277554;
TGIF2	Q9GZN2	Homeobox protein TGIF2 (5'-TG-3'-interacting factor 2) (TGF-beta-induced transcription factor 2) (TGFB-induced factor 2)	9606-ENSP00000362981;
MTF2	Q9Y483	Metal-response element-binding transcription factor 2 (Metal regulatory transcription factor 2) (Metal-response element DNA-binding protein M96) (Polycomb-like protein 2) (hPCl2)	9606-ENSP00000359321;
ZNF841	Q6ZN19	Zinc finger protein 841	9606-ENSP00000470746;
E2F2	Q14209	Transcription factor E2F2 (E2F-2)	9606-ENSP00000355249;
PHF20	Q9BVI0	PHD finger protein 20 (Glioma-expressed antigen 2) (Hepatocellular carcinoma-associated antigen 58) (Novel zinc finger protein) (Transcription factor TZP)	9606-ENSP00000363124;
CCDC6	Q16204	Coiled-coil domain-containing protein 6 (Papillary thyroid carcinoma-encoded protein) (Protein H4)	9606-ENSP00000263102;
GATAD1	Q8WUU5	GATA zinc finger domain-containing protein 1 (Ocular development-associated gene protein)	9606-ENSP00000287957;
SMAD4	Q13485	Mothers against decapentaplegic homolog 4 (MAD homolog 4) (Mothers against DPP homolog 4) (Deletion target in pancreatic carcinoma 4) (SMAD family member 4) (SMAD 4) (Smad4) (hSMAD4)	9606-ENSP00000341551;
ZNF34	Q8IZ26	Zinc finger protein 34 (Zinc finger protein KOX32)	9606-ENSP00000341528;
ZZZ3	Q8IYH5	ZZ-type zinc finger-containing protein 3	9606-ENSP00000359837;
BRD4	O60885	Bromodomain-containing protein 4 (Protein HUNK1)	9606-ENSP00000263377;
ZNF816	Q0VGE8	Zinc finger protein 816	9606-ENSP00000350295;
NFYB	P25208	Nuclear transcription factor Y subunit beta (CAAT box DNA-binding protein subunit B) (Nuclear transcription factor Y subunit B) (NF-YB)	9606-ENSP00000240055;
MIER2	Q8N344	Mesoderm induction early response protein 2 (Mi-er2)	9606-ENSP00000264819;
RFX3	P48380	Transcription factor RFX3 (Regulatory factor X 3)	9606-ENSP00000371434;
GMEB2	Q9UKD1	Glucocorticoid modulatory element-binding protein 2 (GMEB-2) (DNA-binding protein p79PIF) (Parvovirus initiation factor p79) (PIF p79)	9606-ENSP00000266068;
ZNF670	Q9BS34	Zinc finger protein 670	9606-ENSP00000355459;
PBX2	P40425	Pre-B-cell leukemia transcription factor 2 (Homeobox protein PBX2) (Protein G17)	9606-ENSP00000364190;
MED13	Q9UHV7	Mediator of RNA polymerase II transcription subunit 13 (Activator-recruited cofactor 250 kDa component) (ARC250) (Mediator complex subunit 13) (Thyroid hormone receptor-associated protein 1) (Thyroid hormone receptor-associated protein complex 240 kDa component) (Trap240) (Vitamin D3 receptor-interacting protein complex component DRIP250) (DRIP250)	9606-ENSP00000380888;
ZNF143	P52747	Zinc finger protein 143 (SPH-binding factor) (Selenocysteine tRNA gene transcription-activating factor) (hStaf)	9606-ENSP00000379847;
ATF7	P17544	Cyclic AMP-dependent transcription factor ATF-7 (cAMP-dependent transcription factor ATF-7) (Activating transcription factor 7) (Transcription factor ATF-A)	9606-ENSP00000399465;
RCOR2	Q8IZ40	REST corepressor 2	9606-ENSP00000301459;
HOXA10	P31260	Homeobox protein Hox-A10 (Homeobox protein Hox-1.8) (Homeobox protein Hox-1H) (PL)	9606-ENSP00000283921;
PAX8	Q06710	Paired box protein Pax-8	9606-ENSP00000263334;
JUNB	P17275	Transcription factor JunB (Transcription factor AP-1 subunit JunB)	9606-ENSP00000303315;
CREM	Q03060	cAMP-responsive element modulator (Inducible cAMP early repressor) (ICER)	
ZNF432	O94892	Zinc finger protein 432	9606-ENSP00000470488;
ZNF878	C9JN71	Zinc finger protein 878	9606-ENSP00000447931;
SFPQ	P23246	Splicing factor, proline- and glutamine-rich (100 kDa DNA-pairing protein) (hPOMp100) (DNA-binding p52/p100 complex, 100 kDa subunit) (Polypyrimidine tract-binding protein-associated-splicing factor) (PSF) (PTB-associated-splicing factor)	9606-ENSP00000349748;
ZFP37	Q9Y6Q3	Zinc finger protein 37 homolog (Zfp-37)	9606-ENSP00000452552;
PLSCR1	O15162	Phospholipid scramblase 1 (PL scramblase 1) (Ca(2+)-dependent phospholipid scramblase 1) (Erythrocyte phospholipid scramblase) (Mg(2+)-dependent nuclease) (EC 3.1.-.-) (MmTRA1b)	9606-ENSP00000345494;
ARID2	Q68CP9	AT-rich interactive domain-containing protein 2 (ARID domain-containing protein 2) (BRG1-associated factor 200) (BAF200) (Zinc finger protein with activation potential) (Zipzap/p200)	9606-ENSP00000335044;
ZBTB44	Q8NCP5	Zinc finger and BTB domain-containing protein 44 (BTB/POZ domain-containing protein 15) (Zinc finger protein 851)	9606-ENSP00000380861;
STAT6	P42226	Signal transducer and activator of transcription 6 (IL-4 Stat)	9606-ENSP00000300134;
ZBTB1	Q9Y2K1	Zinc finger and BTB domain-containing protein 1	9606-ENSP00000451000;
ZNF761	Q86XN6	Zinc finger protein 761	9606-ENSP00000480218;
GABPB1	Q06547	GA-binding protein subunit beta-1 (GABP subunit beta-1) (GABPB-1) (GABP subunit beta-2) (GABPB-2) (Nuclear respiratory factor 2) (Transcription factor E4TF1-47) (Transcription factor E4TF1-53)	9606-ENSP00000220429;
ZHX3	Q9H4I2	Zinc fingers and homeoboxes protein 3 (Triple homeobox protein 1) (Zinc finger and homeodomain protein 3)	9606-ENSP00000312222;
TARDBP	Q13148	TAR DNA-binding protein 43 (TDP-43)	9606-ENSP00000240185;
ZFP1	Q6P2D0	Zinc finger protein 1 homolog (Zfp-1) (Zinc finger protein 475)	9606-ENSP00000377080;
ZNF713	Q8N859	Zinc finger protein 713	9606-ENSP00000416662;
CERS6	Q6ZMG9	Ceramide synthase 6 (CerS6) (LAG1 longevity assurance homolog 6) (Sphingoid base N-palmitoyltransferase CERS6) (EC 2.3.1.291)	9606-ENSP00000376453;
FOSL1	P15407	Fos-related antigen 1 (FRA-1)	9606-ENSP00000310170;
CENPT	Q96BT3	Centromere protein T (CENP-T) (Interphase centromere complex protein 22)	9606-ENSP00000457810;
ZNF629	Q9UEG4	Zinc finger protein 629 (Zinc finger protein 65)	9606-ENSP00000262525;
TCF7L2	Q9NQB0	Transcription factor 7-like 2 (HMG box transcription factor 4) (T-cell-specific transcription factor 4) (T-cell factor 4) (TCF-4) (hTCF-4)	9606-ENSP00000358404;
ZNF48	Q96MX3	Zinc finger protein 48 (Zinc finger protein 553)	9606-ENSP00000480262;
KDM6A	O15550	Lysine-specific demethylase 6A (EC 1.14.11.68) (Histone demethylase UTX) (Ubiquitously-transcribed TPR protein on the X chromosome) (Ubiquitously-transcribed X chromosome tetratricopeptide repeat protein) ([histone H3]-trimethyl-L-lysine(27) demethylase 6A)	9606-ENSP00000367203;
MTERF4	Q7Z6M4	Transcription termination factor 4, mitochondrial (Mitochondrial transcription termination factor 4) (mTERF domain-containing protein 2) [Cleaved into: mTERF domain-containing protein 2 processed]	9606-ENSP00000480378;
KMT2B	Q9UMN6	Histone-lysine N-methyltransferase 2B (Lysine N-methyltransferase 2B) (EC 2.1.1.364) (Myeloid/lymphoid or mixed-lineage leukemia protein 4) (Trithorax homolog 2) (WW domain-binding protein 7) (WBP-7)	9606-ENSP00000398837;
FOXQ1	Q9C009	Forkhead box protein Q1 (HNF-3/forkhead-like protein 1) (HFH-1) (Hepatocyte nuclear factor 3 forkhead homolog 1)	9606-ENSP00000296839;
ZNF569	Q5MCW4	Zinc finger protein 569	9606-ENSP00000325018;
MTA1	Q13330	Metastasis-associated protein MTA1	9606-ENSP00000333633;
RXRB	P28702	Retinoic acid receptor RXR-beta (Nuclear receptor subfamily 2 group B member 2) (Retinoid X receptor beta)	9606-ENSP00000363817;
POGK	Q9P215	Pogo transposable element with KRAB domain	9606-ENSP00000356849;
HINFP	Q9BQA5	Histone H4 transcription factor (Histone nuclear factor P) (HiNF-P) (MBD2-interacting zinc finger protein) (Methyl-CpG-binding protein 2-interacting zinc finger protein)	9606-ENSP00000318085;
ZXDC	Q2QGD7	Zinc finger protein ZXDC (ZXD-like zinc finger protein)	9606-ENSP00000374359;
GATAD2B	Q8WXI9	Transcriptional repressor p66-beta (GATA zinc finger domain-containing protein 2B) (p66/p68)	9606-ENSP00000357644;
MAFG	O15525	Transcription factor MafG (V-maf musculoaponeurotic fibrosarcoma oncogene homolog G) (hMAF)	9606-ENSP00000350369;
ZBTB39	O15060	Zinc finger and BTB domain-containing protein 39	9606-ENSP00000300101;
USF2	Q15853	Upstream stimulatory factor 2 (Class B basic helix-loop-helix protein 12) (bHLHb12) (FOS-interacting protein) (FIP) (Major late transcription factor 2) (Upstream transcription factor 2)	9606-ENSP00000222305;
ZNF687	Q8N1G0	Zinc finger protein 687	9606-ENSP00000319829;
TEF	Q10587	Thyrotroph embryonic factor	9606-ENSP00000266304;
HMG20A	Q9NP66	High mobility group protein 20A (HMG box-containing protein 20A) (HMG domain-containing protein 1) (HMG domain-containing protein HMGX1)	9606-ENSP00000371133;
ZNF234	Q14588	Zinc finger protein 234 (Zinc finger protein 269) (Zinc finger protein HZF4)	9606-ENSP00000400878;
IRF9	Q00978	Interferon regulatory factor 9 (IRF-9) (IFN-alpha-responsive transcription factor subunit) (ISGF3 p48 subunit) (Interferon-stimulated gene factor 3 gamma) (ISGF-3 gamma) (Transcriptional regulator ISGF3 subunit gamma)	9606-ENSP00000380073;
ZIK1	Q3SY52	Zinc finger protein interacting with ribonucleoprotein K (Zinc finger protein 762)	9606-ENSP00000472867;
BAZ2A	Q9UIF9	Bromodomain adjacent to zinc finger domain protein 2A (Transcription termination factor I-interacting protein 5) (TTF-I-interacting protein 5) (Tip5) (hWALp3)	9606-ENSP00000446880;
ZSCAN5A	Q9BUG6	Zinc finger and SCAN domain-containing protein 5A (Zinc finger protein 495)	9606-ENSP00000375593;
ZNF772	Q68DY9	Zinc finger protein 772	9606-ENSP00000341165;
THRB	P10828	Thyroid hormone receptor beta (Nuclear receptor subfamily 1 group A member 2) (c-erbA-2) (c-erbA-beta)	9606-ENSP00000379904;
SMC3	Q9UQE7	Structural maintenance of chromosomes protein 3 (SMC protein 3) (SMC-3) (Basement membrane-associated chondroitin proteoglycan) (Bamacan) (Chondroitin sulfate proteoglycan 6) (Chromosome-associated polypeptide) (hCAP)	9606-ENSP00000354720;
SCMH1	Q96GD3	Polycomb protein SCMH1 (Sex comb on midleg homolog 1)	9606-ENSP00000318094;
ZC3H4	Q9UPT8	Zinc finger CCCH domain-containing protein 4	9606-ENSP00000253048;
ZNF737	O75373	Zinc finger protein 737 (Zinc finger protein 102)	9606-ENSP00000395733;
ZNF530	Q6P9A1	Zinc finger protein 530	9606-ENSP00000332861;
ZBTB25	P24278	Zinc finger and BTB domain-containing protein 25 (Zinc finger protein 46) (Zinc finger protein KUP)	9606-ENSP00000476746;
PHF8	Q9UPP1	Histone lysine demethylase PHF8 (EC 1.14.11.27) (EC 1.14.11.65) (PHD finger protein 8) ([histone H3]-dimethyl-L-lysine(36) demethylase PHF8) ([histone H3]-dimethyl-L-lysine(9) demethylase PHF8)	9606-ENSP00000350676;
ZNF33B	Q06732	Zinc finger protein 33B (Zinc finger protein 11B) (Zinc finger protein KOX2)	9606-ENSP00000352444;
NFKB2	Q00653	Nuclear factor NF-kappa-B p100 subunit (DNA-binding factor KBF2) (H2TF1) (Lymphocyte translocation chromosome 10 protein) (Nuclear factor of kappa light polypeptide gene enhancer in B-cells 2) (Oncogene Lyt-10) (Lyt10) [Cleaved into: Nuclear factor NF-kappa-B p52 subunit]	9606-ENSP00000358983;
ZNF567	Q8N184	Zinc finger protein 567	9606-ENSP00000441838;
ZHX2	Q9Y6X8	Zinc fingers and homeoboxes protein 2 (Alpha-fetoprotein regulator 1) (AFP regulator 1) (Regulator of AFP) (Zinc finger and homeodomain protein 2)	9606-ENSP00000314709;
RREB1	Q92766	Ras-responsive element-binding protein 1 (RREB-1) (Finger protein in nuclear bodies) (Raf-responsive zinc finger protein LZ321) (Zinc finger motif enhancer-binding protein 1) (Zep-1)	9606-ENSP00000369270;
XBP1	P17861	X-box-binding protein 1 (XBP-1) (Tax-responsive element-binding protein 5) (TREB-5) [Cleaved into: X-box-binding protein 1, cytoplasmic form; X-box-binding protein 1, luminal form]	9606-ENSP00000216037;
PIN1	Q13526	Peptidyl-prolyl cis-trans isomerase NIMA-interacting 1 (EC 5.2.1.8) (Peptidyl-prolyl cis-trans isomerase Pin1) (PPIase Pin1) (Rotamase Pin1)	9606-ENSP00000247970;
FUBP3	Q96I24	Far upstream element-binding protein 3 (FUSE-binding protein 3)	9606-ENSP00000318177;
CC2D1A	Q6P1N0	Coiled-coil and C2 domain-containing protein 1A (Akt kinase-interacting protein 1) (Five prime repressor element under dual repression-binding protein 1) (FRE under dual repression-binding protein 1) (Freud-1) (Putative NF-kappa-B-activating protein 023N)	9606-ENSP00000313601;
MYRF	Q9Y2G1	Myelin regulatory factor (EC 3.4.-.-) (Myelin gene regulatory factor) [Cleaved into: Myelin regulatory factor, N-terminal; Myelin regulatory factor, C-terminal]	9606-ENSP00000278836;
ZNF784	Q8NCA9	Zinc finger protein 784	9606-ENSP00000320096;
ZNF550	Q7Z398	Zinc finger protein 550	9606-ENSP00000446224;
ZNF263	O14978	Zinc finger protein 263 (Zinc finger protein FPM315) (Zinc finger protein with KRAB and SCAN domains 12)	9606-ENSP00000219069;
ZNF879	B4DU55	Zinc finger protein 879	9606-ENSP00000414887;
ZBTB37	Q5TC79	Zinc finger and BTB domain-containing protein 37	9606-ENSP00000356674;
HOXA3	O43365	Homeobox protein Hox-A3 (Homeobox protein Hox-1E)	9606-ENSP00000484411;
MYNN	Q9NPC7	Myoneurin (Zinc finger and BTB domain-containing protein 31)	9606-ENSP00000326240;
DNMT3B	Q9UBC3	DNA (cytosine-5)-methyltransferase 3B (Dnmt3b) (EC 2.1.1.37) (DNA methyltransferase HsaIIIB) (DNA MTase HsaIIIB) (M.HsaIIIB)	9606-ENSP00000328547;
CEBPG	P53567	CCAAT/enhancer-binding protein gamma (C/EBP gamma)	9606-ENSP00000284000;
RELA	Q04206	Transcription factor p65 (Nuclear factor NF-kappa-B p65 subunit) (Nuclear factor of kappa light polypeptide gene enhancer in B-cells 3)	9606-ENSP00000384273;
THYN1	Q9P016	Thymocyte nuclear protein 1 (Thymocyte protein Thy28)	9606-ENSP00000341657;
TRAFD1	O14545	TRAF-type zinc finger domain-containing protein 1 (Protein FLN29)	9606-ENSP00000257604;
SETDB1	Q15047	Histone-lysine N-methyltransferase SETDB1 (EC 2.1.1.366) (ERG-associated protein with SET domain) (ESET) (Histone H3-K9 methyltransferase 4) (H3-K9-HMTase 4) (Lysine N-methyltransferase 1E) (SET domain bifurcated 1)	9606-ENSP00000271640;
SP110	Q9HB58	Sp110 nuclear body protein (Interferon-induced protein 41/75) (Speckled 110 kDa) (Transcriptional coactivator Sp110)	9606-ENSP00000258381;
RFXAP	O00287	Regulatory factor X-associated protein (RFX-associated protein) (RFX DNA-binding complex 36 kDa subunit)	9606-ENSP00000255476;
ZBTB8A	Q96BR9	Zinc finger and BTB domain-containing protein 8A (BTB/POZ and zinc-finger domain-containing factor) (BTB/POZ and zinc-finger domains factor on chromosome 1) (BOZ-F1)	9606-ENSP00000362609;
KLF15	Q9UIH9	Krueppel-like factor 15 (Kidney-enriched krueppel-like factor)	9606-ENSP00000296233;
ZNF441	Q8N8Z8	Zinc finger protein 441	9606-ENSP00000350576;
ZNF512B	Q96KM6	Zinc finger protein 512B	9606-ENSP00000393795;
ZNF646	O15015	Zinc finger protein 646	9606-ENSP00000300850;
EGR1	P18146	Early growth response protein 1 (EGR-1) (AT225) (Nerve growth factor-induced protein A) (NGFI-A) (Transcription factor ETR103) (Transcription factor Zif268) (Zinc finger protein 225) (Zinc finger protein Krox-24)	9606-ENSP00000239938;
ZNF865	P0CJ78	Zinc finger protein 865	9606-ENSP00000483134;
MIER3	Q7Z3K6	Mesoderm induction early response protein 3 (Mi-er3)	9606-ENSP00000370596;
HDAC1	Q13547	Histone deacetylase 1 (HD1) (EC 3.5.1.98) (Protein deacetylase HDAC1) (EC 3.5.1.-) (Protein decrotonylase HDAC1) (EC 3.5.1.-)	9606-ENSP00000362649;
NFYC	Q13952	Nuclear transcription factor Y subunit gamma (CAAT box DNA-binding protein subunit C) (Nuclear transcription factor Y subunit C) (NF-YC) (Transactivator HSM-1/2)	
ZNF337	Q9Y3M9	Zinc finger protein 337	9606-ENSP00000365619;
ATF6	P18850	Cyclic AMP-dependent transcription factor ATF-6 alpha (cAMP-dependent transcription factor ATF-6 alpha) (Activating transcription factor 6 alpha) (ATF6-alpha) [Cleaved into: Processed cyclic AMP-dependent transcription factor ATF-6 alpha]	9606-ENSP00000356919;
ZNF142	P52746	Zinc finger protein 142	9606-ENSP00000398798;
ZNF10	P21506	Zinc finger protein 10 (Zinc finger protein KOX1)	9606-ENSP00000248211;
PBX3	P40426	Pre-B-cell leukemia transcription factor 3 (Homeobox protein PBX3)	9606-ENSP00000362588;
HIVEP1	P15822	Zinc finger protein 40 (Cirhin interaction protein) (CIRIP) (Gate keeper of apoptosis-activating protein) (GAAP) (Human immunodeficiency virus type I enhancer-binding protein 1) (HIV-EP1) (Major histocompatibility complex-binding protein 1) (MBP-1) (Positive regulatory domain II-binding factor 1) (PRDII-BF1)	9606-ENSP00000368698;
ZNF205	O95201	Transcriptional repressor RHIT (Repressor of heat-inducible transcription) (RhitH) (Zinc finger protein 205) (Zinc finger protein 210)	9606-ENSP00000480401;
GFI1	Q99684	Zinc finger protein Gfi-1 (Growth factor independent protein 1) (Zinc finger protein 163)	9606-ENSP00000359357;
FOXK1	P85037	Forkhead box protein K1 (Myocyte nuclear factor) (MNF)	9606-ENSP00000328720;
LCORL	Q8N3X6	Ligand-dependent nuclear receptor corepressor-like protein (LCoR-like protein)	9606-ENSP00000371661;
SIX1	Q15475	Homeobox protein SIX1 (Sine oculis homeobox homolog 1)	9606-ENSP00000247182;
ZNF138	P52744	Zinc finger protein 138	9606-ENSP00000303533;
SPEN	Q96T58	Msx2-interacting protein (SMART/HDAC1-associated repressor protein) (SPEN homolog)	9606-ENSP00000364912;
ZNF18	P17022	Zinc finger protein 18 (Heart development-specific gene 1 protein) (Zinc finger protein 535) (Zinc finger protein KOX11) (Zinc finger protein with KRAB and SCAN domains 6)	9606-ENSP00000315664;
ZNF232	Q9UNY5	Zinc finger protein 232 (Zinc finger and SCAN domain-containing protein 11)	9606-ENSP00000250076;
FOXO4	P98177	Forkhead box protein O4 (Fork head domain transcription factor AFX1)	9606-ENSP00000363377;
THAP7	Q9BT49	THAP domain-containing protein 7	9606-ENSP00000215742;
SNAI1	O95863	Zinc finger protein SNAI1 (Protein snail homolog 1) (Protein sna)	9606-ENSP00000244050;
THAP11	Q96EK4	THAP domain-containing protein 11	9606-ENSP00000304689;
ZBTB14	O43829	Zinc finger and BTB domain-containing protein 14 (Zinc finger protein 161 homolog) (Zfp-161) (Zinc finger protein 478) (Zinc finger protein 5 homolog) (ZF5) (Zfp-5) (hZF5)	9606-ENSP00000349503;
ZNF501	Q96CX3	Zinc finger protein 501 (Zinc finger protein 52)	9606-ENSP00000482632;
NFKBIZ	Q9BYH8	NF-kappa-B inhibitor zeta (I-kappa-B-zeta) (IkB-zeta) (IkappaBzeta) (IL-1 inducible nuclear ankyrin-repeat protein) (INAP) (Molecule possessing ankyrin repeats induced by lipopolysaccharide) (MAIL)	9606-ENSP00000325663;
NFAT5	O94916	Nuclear factor of activated T-cells 5 (NF-AT5) (T-cell transcription factor NFAT5) (Tonicity-responsive enhancer-binding protein) (TonE-binding protein) (TonEBP)	9606-ENSP00000457593;
AHDC1	Q5TGY3	Transcription factor Gibbin (AT-hook DNA-binding motif-containing protein 1)	9606-ENSP00000363123;
ZNF597	Q96LX8	Zinc finger protein 597	9606-ENSP00000301744;
ZNF790	Q6PG37	Zinc finger protein 790	9606-ENSP00000349161;
MEF2A	Q02078	Myocyte-specific enhancer factor 2A (Serum response factor-like protein 1)	9606-ENSP00000346389;
TAF1	P21675	Transcription initiation factor TFIID subunit 1 (EC 2.3.1.48) (EC 2.7.11.1) (Cell cycle gene 1 protein) (TBP-associated factor 250 kDa) (p250) (Transcription initiation factor TFIID 250 kDa subunit) (TAF(II)250) (TAFII-250) (TAFII250)	9606-ENSP00000406549;
KIAA2018	Q68DE3	Basic helix-loop-helix domain-containing protein USF3 (Upstream transcription factor 3)	9606-ENSP00000320794;
ZNF219	Q9P2Y4	Zinc finger protein 219	9606-ENSP00000354206;
ZNF558	Q96NG5	Zinc finger protein 558	9606-ENSP00000471277;
SP1	P08047	Transcription factor Sp1	9606-ENSP00000329357;
SP1	Q8N907	DAN domain family member 5 (Cerberus-like protein 2) (Cerl-2) (Cysteine knot superfamily 1, BMP antagonist 3) (Gremlin-3)	9606-ENSP00000323155;
JDP2	Q8WYK2	Jun dimerization protein 2	9606-ENSP00000267569;
ZNF75D	P51815	Zinc finger protein 75D (Zinc finger protein 75) (Zinc finger protein 82)	9606-ENSP00000359802;
NR0B2	Q15466	Nuclear receptor subfamily 0 group B member 2 (Orphan nuclear receptor SHP) (Small heterodimer partner)	9606-ENSP00000254227;
CREB3	O43889	Cyclic AMP-responsive element-binding protein 3 (CREB-3) (cAMP-responsive element-binding protein 3) (Leucine zipper protein) (Luman) (Transcription factor LZIP-alpha) [Cleaved into: Processed cyclic AMP-responsive element-binding protein 3 (N-terminal Luman) (Transcriptionally active form)]	9606-ENSP00000342136;
MXD1	Q05195	Max dimerization protein 1 (Max dimerizer 1) (Protein MAD)	9606-ENSP00000264444;
ARHGAP35	Q9NRY4	Rho GTPase-activating protein 35 (Glucocorticoid receptor DNA-binding factor 1) (Glucocorticoid receptor repression factor 1) (GRF-1) (Rho GAP p190A) (p190-A)	9606-ENSP00000385720;
ZNF124	Q15973	Zinc finger protein 124 (Zinc finger protein HZF-16)	9606-ENSP00000440365;
ZBTB7A	O95365	Zinc finger and BTB domain-containing protein 7A (Factor binding IST protein 1) (FBI-1) (Factor that binds to inducer of short transcripts protein 1) (HIV-1 1st-binding protein 1) (Leukemia/lymphoma-related factor) (POZ and Krueppel erythroid myeloid ontogenic factor) (POK erythroid myeloid ontogenic factor) (Pokemon) (Pokemon 1) (TTF-I-interacting peptide 21) (TIP21) (Zinc finger protein 857A)	9606-ENSP00000323670;
MTERF2	Q49AM1	Transcription termination factor 2, mitochondrial (Mitochondrial transcription termination factor 2) (mTERF2) (Mitochondrial transcription termination factor-like protein) (mTERF-like) (mTERFL) (mTERF domain-containing protein 3, mitochondrial)	9606-ENSP00000447651;
ZNF768	Q9H5H4	Zinc finger protein 768	9606-ENSP00000369777;
GLYR1	Q49A26	Cytokine-like nuclear factor N-PAC (NPAC) (3-hydroxyisobutyrate dehydrogenase-like protein) (Glyoxylate reductase 1 homolog) (Nuclear protein NP60) (Nuclear protein of 60 kDa) (Nucleosome-destabilizing factor) (hNDF) (Putative oxidoreductase GLYR1)	9606-ENSP00000322716;
SAFB2	Q14151	Scaffold attachment factor B2 (SAF-B2)	9606-ENSP00000252542;
E2F5	Q15329	Transcription factor E2F5 (E2F-5)	9606-ENSP00000398124;
BCL6	P41182	B-cell lymphoma 6 protein (BCL-6) (B-cell lymphoma 5 protein) (BCL-5) (Protein LAZ-3) (Zinc finger and BTB domain-containing protein 27) (Zinc finger protein 51)	9606-ENSP00000384371;
ZNF382	Q96SR6	Zinc finger protein 382 (KRAB/zinc finger suppressor protein 1) (KS1) (Multiple zinc finger and krueppel-associated box protein KS1)	9606-ENSP00000292928;
TSC22D1	Q15714	TSC22 domain family protein 1 (Cerebral protein 2) (HUCEP-2) (Regulatory protein TSC-22) (TGFB-stimulated clone 22 homolog) (Transforming growth factor beta-1-induced transcript 4 protein)	9606-ENSP00000397435;
SMAD3	P84022	Mothers against decapentaplegic homolog 3 (MAD homolog 3) (Mad3) (Mothers against DPP homolog 3) (hMAD-3) (JV15-2) (SMAD family member 3) (SMAD 3) (Smad3) (hSMAD3)	9606-ENSP00000332973;
ZNF652	Q9Y2D9	Zinc finger protein 652	9606-ENSP00000354686;
SAP130	Q15393	Splicing factor 3B subunit 3 (Pre-mRNA-splicing factor SF3b 130 kDa subunit) (SF3b130) (STAF130) (Spliceosome-associated protein 130) (SAP 130)	9606-ENSP00000305790;
SAP130	Q9H0E3	Histone deacetylase complex subunit SAP130 (130 kDa Sin3-associated polypeptide) (Sin3-associated polypeptide p130)	9606-ENSP00000350333;
MAX	P61244	Protein max (Class D basic helix-loop-helix protein 4) (bHLHd4) (Myc-associated factor X)	9606-ENSP00000351490;
ZGPAT	Q8N5A5	Zinc finger CCCH-type with G patch domain-containing protein (G patch domain-containing protein 6) (Zinc finger CCCH domain-containing protein 9) (Zinc finger and G patch domain-containing protein)	9606-ENSP00000332013;
KDM4B	O94953	Lysine-specific demethylase 4B (EC 1.14.11.66) (JmjC domain-containing histone demethylation protein 3B) (Jumonji domain-containing protein 2B) ([histone H3]-trimethyl-L-lysine(9) demethylase 4B)	9606-ENSP00000159111;
ZNF331	Q9NQX6	Zinc finger protein 331 (C2H2-like zinc finger protein rearranged in thyroid adenomas) (Zinc finger protein 361) (Zinc finger protein 463)	9606-ENSP00000253144;
ZNF605	Q86T29	Zinc finger protein 605	
SOX6	P35712	Transcription factor SOX-6	9606-ENSP00000379644;
ETV4	P43268	ETS translocation variant 4 (Adenovirus E1A enhancer-binding protein) (E1A-F) (Polyomavirus enhancer activator 3 homolog) (Protein PEA3)	9606-ENSP00000321835;
ZNF343	Q6P1L6	Zinc finger protein 343	
ZNF136	P52737	Zinc finger protein 136	9606-ENSP00000344162;
ZSCAN20	P17040	Zinc finger and SCAN domain-containing protein 20 (Zinc finger protein 31) (Zinc finger protein 360) (Zinc finger protein KOX29)	9606-ENSP00000355053;
ESRRA	P11474	Steroid hormone receptor ERR1 (Estrogen receptor-like 1) (Estrogen-related receptor alpha) (ERR-alpha) (Nuclear receptor subfamily 3 group B member 1)	9606-ENSP00000384851;
THAP9	Q9H5L6	DNA transposase THAP9 (EC 2.7.7.-) (THAP domain-containing protein 9) (hTh9)	9606-ENSP00000305533;
STAG1	Q8WVM7	Cohesin subunit SA-1 (SCC3 homolog 1) (Stromal antigen 1)	9606-ENSP00000372689;
STAG1	Q969W9	Protein TMEPAI (Prostate transmembrane protein androgen induced 1) (Solid tumor-associated 1 protein) (Transmembrane prostate androgen-induced protein)	9606-ENSP00000345826;
IRF1	P10914	Interferon regulatory factor 1 (IRF-1)	9606-ENSP00000245414;
MED1	O95243	Methyl-CpG-binding domain protein 4 (EC 3.2.2.-) (Methyl-CpG-binding endonuclease 1) (Methyl-CpG-binding protein MBD4) (Mismatch-specific DNA N-glycosylase)	9606-ENSP00000249910;
MED1	Q15648	Mediator of RNA polymerase II transcription subunit 1 (Activator-recruited cofactor 205 kDa component) (ARC205) (Mediator complex subunit 1) (Peroxisome proliferator-activated receptor-binding protein) (PBP) (PPAR-binding protein) (Thyroid hormone receptor-associated protein complex 220 kDa component) (Trap220) (Thyroid receptor-interacting protein 2) (TR-interacting protein 2) (TRIP-2) (Vitamin D receptor-interacting protein complex component DRIP205) (p53 regulatory protein RB18A)	9606-ENSP00000300651;
KLF13	Q9Y2Y9	Krueppel-like factor 13 (Basic transcription element-binding protein 3) (BTE-binding protein 3) (Novel Sp1-like zinc finger transcription factor 1) (RANTES factor of late activated T-lymphocytes 1) (RFLAT-1) (Transcription factor BTEB3) (Transcription factor NSLP1)	9606-ENSP00000302456;
ADNP	Q9H2P0	Activity-dependent neuroprotector homeobox protein (Activity-dependent neuroprotective protein)	9606-ENSP00000379346;
ZNF101	Q8IZC7	Zinc finger protein 101 (Zinc finger protein HZF12)	9606-ENSP00000468049;
RAD21	O60216	Double-strand-break repair protein rad21 homolog (hHR21) (Nuclear matrix protein 1) (NXP-1) (SCC1 homolog) [Cleaved into: 64-kDa C-terminal product (64-kDa carboxy-terminal product) (65-kDa carboxy-terminal product)]	9606-ENSP00000297338;
ONECUT1	Q9UBC0	Hepatocyte nuclear factor 6 (HNF-6) (One cut domain family member 1) (One cut homeobox 1)	9606-ENSP00000302630;
ZBTB43	O43298	Zinc finger and BTB domain-containing protein 43 (Zinc finger and BTB domain-containing protein 22B) (Zinc finger protein 297B) (ZnF-x)	9606-ENSP00000362563;
ZNF217	O75362	Zinc finger protein 217	9606-ENSP00000360526;
ZNF556	Q9HAH1	Zinc finger protein 556	9606-ENSP00000302603;
FOXJ3	Q9UPW0	Forkhead box protein J3	9606-ENSP00000361653;
ZFP36L1	Q07352	mRNA decay activator protein ZFP36L1 (Butyrate response factor 1) (EGF-response factor 1) (ERF-1) (TPA-induced sequence 11b) (Zinc finger protein 36, C3H1 type-like 1) (ZFP36-like 1)	9606-ENSP00000388402;
SP140L	Q9H930	Nuclear body protein SP140-like protein	9606-ENSP00000397911;
HOXA5	P20719	Homeobox protein Hox-A5 (Homeobox protein Hox-1C)	9606-ENSP00000222726;
ZNF281	Q9Y2X9	Zinc finger protein 281 (GC-box-binding zinc finger protein 1) (Transcription factor ZBP-99) (Zinc finger DNA-binding protein 99)	9606-ENSP00000294740;
CEBPA	P49715	CCAAT/enhancer-binding protein alpha (C/EBP alpha)	9606-ENSP00000427514;
NFIB	O00712	Nuclear factor 1 B-type (NF1-B) (Nuclear factor 1/B) (CCAAT-box-binding transcription factor) (CTF) (Nuclear factor I/B) (NF-I/B) (NFI-B) (TGGCA-binding protein)	9606-ENSP00000370340;
ZNF619	Q8N2I2	Zinc finger protein 619	9606-ENSP00000411132;
HSF2	Q03933	Heat shock factor protein 2 (HSF 2) (Heat shock transcription factor 2) (HSTF 2)	9606-ENSP00000357440;
ZNF766	Q5HY98	Zinc finger protein 766	9606-ENSP00000409652;
ZNF513	Q8N8E2	Zinc finger protein 513	9606-ENSP00000318373;
ZFP91	Q96JP5	E3 ubiquitin-protein ligase ZFP91 (EC 2.3.2.27) (RING-type E3 ubiquitin transferase ZFP91) (Zinc finger protein 757) (Zinc finger protein 91 homolog) (Zfp-91)	9606-ENSP00000339030;
ARID4B	Q4LE39	AT-rich interactive domain-containing protein 4B (ARID domain-containing protein 4B) (180 kDa Sin3-associated polypeptide) (Sin3-associated polypeptide p180) (Breast cancer-associated antigen BRCAA1) (Histone deacetylase complex subunit SAP180) (Retinoblastoma-binding protein 1-like 1)	9606-ENSP00000264183;
ZNF782	Q6ZMW2	Zinc finger protein 782	9606-ENSP00000419397;
TFDP1	Q14186	Transcription factor Dp-1 (DRTF1-polypeptide 1) (DRTF1) (E2F dimerization partner 1)	9606-ENSP00000364519;
ZNF383	Q8NA42	Zinc finger protein 383	9606-ENSP00000340132;
E2F4	Q16254	Transcription factor E2F4 (E2F-4)	9606-ENSP00000368686;
RFXANK	O14593	DNA-binding protein RFXANK (Ankyrin repeat family A protein 1) (Regulatory factor X subunit B) (RFX-B) (Regulatory factor X-associated ankyrin-containing protein)	9606-ENSP00000305071;
MEIS2	O14770	Homeobox protein Meis2 (Meis1-related protein 1)	9606-ENSP00000453793;
PRDM15	P57071	PR domain zinc finger protein 15 (EC 2.1.1.-) (PR domain-containing protein 15) (Zinc finger protein 298)	9606-ENSP00000269844;
ZNF367	Q7RTV3	Zinc finger protein 367 (C2H2 zinc finger protein ZFF29)	9606-ENSP00000364405;
NR2F1	P10589	COUP transcription factor 1 (COUP-TF1) (COUP transcription factor I) (COUP-TF I) (Nuclear receptor subfamily 2 group F member 1) (V-erbA-related protein 3) (EAR-3)	9606-ENSP00000325819;
ZNF160	Q9HCG1	Zinc finger protein 160 (Zinc finger protein HZF5) (Zinc finger protein Kr18) (HKr18)	9606-ENSP00000406201;
PROX1	Q92786	Prospero homeobox protein 1 (Homeobox prospero-like protein PROX1) (PROX-1)	9606-ENSP00000355925;
ZMAT5	Q9UDW3	Zinc finger matrin-type protein 5 (U11/U12 small nuclear ribonucleoprotein 20 kDa protein) (U11/U12 snRNP 20 kDa protein) (U11/U12-20K)	9606-ENSP00000344241;
ZNF350	Q9GZX5	Zinc finger protein 350 (KRAB zinc finger protein ZFQR) (Zinc finger and BRCA1-interacting protein with a KRAB domain 1) (Zinc finger protein ZBRK1)	9606-ENSP00000243644;
LCOR	Q96JN0	Ligand-dependent corepressor (LCoR) (Mblk1-related protein 2)	9606-ENSP00000360138;
ZNF616	Q08AN1	Zinc finger protein 616	9606-ENSP00000471000;
TEAD1	P28347	Transcriptional enhancer factor TEF-1 (NTEF-1) (Protein GT-IIC) (TEA domain family member 1) (TEAD-1) (Transcription factor 13) (TCF-13)	9606-ENSP00000435233;
ZNF775	Q96BV0	Zinc finger protein 775	9606-ENSP00000330838;
ZFP14	Q9HCL3	Zinc finger protein 14 homolog (Zfp-14) (Zinc finger protein 531)	9606-ENSP00000270001;
ZNF707	Q96C28	Zinc finger protein 707	9606-ENSP00000436212;
ZNF572	Q7Z3I7	Zinc finger protein 572	9606-ENSP00000319305;
ATAD3A	Q9NVI7	ATPase family AAA domain-containing protein 3A	9606-ENSP00000368030;
ISL2	Q96A47	Insulin gene enhancer protein ISL-2 (Islet-2)	9606-ENSP00000290759;
SALL1	Q9NSC2	Sal-like protein 1 (Spalt-like transcription factor 1) (Zinc finger protein 794) (Zinc finger protein SALL1) (Zinc finger protein Spalt-1) (HSal1) (Sal-1)	9606-ENSP00000251020;
TIGD3	Q6B0B8	Tigger transposable element-derived protein 3	9606-ENSP00000308354;
CREBL2	O60519	cAMP-responsive element-binding protein-like 2	9606-ENSP00000228865;
FOXA1	P55317	Hepatocyte nuclear factor 3-alpha (HNF-3-alpha) (HNF-3A) (Forkhead box protein A1) (Transcription factor 3A) (TCF-3A)	9606-ENSP00000250448;
TFE3	P19532	Transcription factor E3 (Class E basic helix-loop-helix protein 33) (bHLHe33)	9606-ENSP00000314129;
ZFP82	Q8N141	Zinc finger protein 82 homolog (Zfp-82) (Zinc finger protein 545)	9606-ENSP00000431265;
TCF7	P36402	Transcription factor 7 (TCF-7) (T-cell-specific transcription factor 1) (T-cell factor 1) (TCF-1)	9606-ENSP00000340347;
ZNF276	Q8N554	Zinc finger protein 276 (Zfp-276) (Zinc finger protein 477)	9606-ENSP00000415836;
PRDM4	Q9UKN5	PR domain zinc finger protein 4 (EC 2.1.1.-) (PR domain-containing protein 4)	9606-ENSP00000228437;
ZFAT	Q9P243	Zinc finger protein ZFAT (Zinc finger gene in AITD susceptibility region) (Zinc finger protein 406)	9606-ENSP00000367069;
ELF1	P32519	ETS-related transcription factor Elf-1 (E74-like factor 1)	9606-ENSP00000239882;
PATZ1	Q9HBE1	POZ-, AT hook-, and zinc finger-containing protein 1 (BTB/POZ domain zinc finger transcription factor) (Protein kinase A RI subunit alpha-associated protein) (Zinc finger and BTB domain-containing protein 19) (Zinc finger protein 278) (Zinc finger sarcoma gene protein)	9606-ENSP00000266269;
ZNF292	O60281	Zinc finger protein 292	9606-ENSP00000358590;
AFF4	Q9UHB7	AF4/FMR2 family member 4 (ALL1-fused gene from chromosome 5q31 protein) (Protein AF-5q31) (Major CDK9 elongation factor-associated protein)	9606-ENSP00000265343;
BRCA1	P38398	Breast cancer type 1 susceptibility protein (EC 2.3.2.27) (RING finger protein 53) (RING-type E3 ubiquitin transferase BRCA1)	9606-ENSP00000418960;
ZNF678	Q5SXM1	Zinc finger protein 678	9606-ENSP00000344828;
ZUFSP	Q96AP4	Zinc finger-containing ubiquitin peptidase 1 (EC 3.4.19.12) (Lys-63-specific deubiquitinase ZUFSP) (DUB) (Zinc finger with UFM1-specific peptidase domain protein)	9606-ENSP00000357565;
MATR3	P43243	Matrin-3	9606-ENSP00000354346;
ZNF512	Q96ME7	Zinc finger protein 512	9606-ENSP00000347648;
ZNF253	O75346	Zinc finger protein 253 (Bone marrow zinc finger 1) (BMZF-1) (Zinc finger protein 411)	9606-ENSP00000468720;
IRX3	P78415	Iroquois-class homeodomain protein IRX-3 (Homeodomain protein IRXB1) (Iroquois homeobox protein 3)	9606-ENSP00000331608;
TMF1	P82094	TATA element modulatory factor (TMF) (Androgen receptor coactivator 160 kDa protein) (Androgen receptor-associated protein of 160 kDa)	9606-ENSP00000381567;
ZNF221	Q9UK13	Zinc finger protein 221	9606-ENSP00000251269;
NCOA1	Q15788	Nuclear receptor coactivator 1 (NCoA-1) (EC 2.3.1.48) (Class E basic helix-loop-helix protein 74) (bHLHe74) (Protein Hin-2) (RIP160) (Renal carcinoma antigen NY-REN-52) (Steroid receptor coactivator 1) (SRC-1)	9606-ENSP00000385216;
EEA1	Q15075	Early endosome antigen 1 (Endosome-associated protein p162) (Zinc finger FYVE domain-containing protein 2)	9606-ENSP00000317955;
SSRP1	Q08945	FACT complex subunit SSRP1 (Chromatin-specific transcription elongation factor 80 kDa subunit) (Facilitates chromatin transcription complex 80 kDa subunit) (FACT 80 kDa subunit) (FACTp80) (Facilitates chromatin transcription complex subunit SSRP1) (Recombination signal sequence recognition protein 1) (Structure-specific recognition protein 1) (hSSRP1) (T160)	9606-ENSP00000278412;
ZFP90	Q8TF47	Zinc finger protein 90 homolog (Zfp-90) (Zinc finger protein 756)	9606-ENSP00000460547;
ARID3A	Q99856	AT-rich interactive domain-containing protein 3A (ARID domain-containing protein 3A) (B-cell regulator of IgH transcription) (Bright) (Dead ringer-like protein 1) (E2F-binding protein 1)	9606-ENSP00000263620;
ZNF264	O43296	Zinc finger protein 264	9606-ENSP00000263095;
ZKSCAN8	Q15776	Zinc finger protein with KRAB and SCAN domains 8 (LD5-1) (Zinc finger protein 192)	9606-ENSP00000332750;
ZFYVE20	Q9H1K0	Rabenosyn-5 (110 kDa protein) (FYVE finger-containing Rab5 effector protein rabenosyn-5) (RAB effector RBSN) (Zinc finger FYVE domain-containing protein 20)	9606-ENSP00000253699;
ZNF557	Q8N988	Zinc finger protein 557	9606-ENSP00000252840;
TOE1	Q96GM8	Target of EGR1 protein 1	9606-ENSP00000361162;
ZBTB42	B2RXF5	Zinc finger and BTB domain-containing protein 42	9606-ENSP00000409107;
LBX2	Q6XYB7	Transcription factor LBX2 (Ladybird homeobox 2) (Ladybird homeobox protein homolog 2)	9606-ENSP00000366789;
RBPJ	Q06330	Recombining binding protein suppressor of hairless (CBF-1) (J kappa-recombination signal-binding protein) (RBP-J kappa) (RBP-J) (RBP-JK) (Renal carcinoma antigen NY-REN-30)	9606-ENSP00000345206;
HNF1B	P35680	Hepatocyte nuclear factor 1-beta (HNF-1-beta) (HNF-1B) (Homeoprotein LFB3) (Transcription factor 2) (TCF-2) (Variant hepatic nuclear factor 1) (vHNF1)	9606-ENSP00000480291;
ZNF709	Q8N972	Zinc finger protein 709	9606-ENSP00000380840;
DPF2	Q92785	Zinc finger protein ubi-d4 (Apoptosis response zinc finger protein) (BRG1-associated factor 45D) (BAF45D) (D4, zinc and double PHD fingers family 2) (Protein requiem)	9606-ENSP00000436901;
REXO4	Q9GZR2	RNA exonuclease 4 (EC 3.1.-.-) (Exonuclease XPMC2) (Prevents mitotic catastrophe 2 protein homolog) (hPMC2)	9606-ENSP00000361010;
ZNF827	Q17R98	Zinc finger protein 827	9606-ENSP00000368761;
THAP8	Q8NA92	THAP domain-containing protein 8	9606-ENSP00000292894;
TBP	P20226	TATA-box-binding protein (TATA sequence-binding protein) (TATA-binding factor) (TATA-box factor) (Transcription initiation factor TFIID TBP subunit)	9606-ENSP00000375942;
ZSCAN21	Q9Y5A6	Zinc finger and SCAN domain-containing protein 21 (Renal carcinoma antigen NY-REN-21) (Zinc finger protein 38 homolog) (Zfp-38)	9606-ENSP00000292450;
FOXP4	Q8IVH2	Forkhead box protein P4 (Fork head-related protein-like A)	9606-ENSP00000362151;
JUND	P17535	Transcription factor JunD (Transcription factor AP-1 subunit JunD)	9606-ENSP00000252818;
ZNF598	Q86UK7	E3 ubiquitin-protein ligase ZNF598 (EC 2.3.2.27) (Zinc finger protein 598)	9606-ENSP00000411409;
ZNF20	P17024	Zinc finger protein 20 (Zinc finger protein KOX13)	9606-ENSP00000335437;
ZNF20	P58317	Zinc finger protein 121 (Zinc finger protein 20)	9606-ENSP00000326967;
KLF12	Q9Y4X4	Krueppel-like factor 12 (Transcriptional repressor AP-2rep)	9606-ENSP00000366897;
ZNF446	Q9NWS9	Zinc finger protein 446 (Zinc finger protein with KRAB and SCAN domains 20)	9606-ENSP00000472802;
ARNTL	O00327	Basic helix-loop-helix ARNT-like protein 1 (Aryl hydrocarbon receptor nuclear translocator-like protein 1) (Basic-helix-loop-helix-PAS protein MOP3) (Brain and muscle ARNT-like 1) (Class E basic helix-loop-helix protein 5) (bHLHe5) (Member of PAS protein 3) (PAS domain-containing protein 3) (bHLH-PAS protein JAP3)	9606-ENSP00000384517;
KDM3A	Q9Y4C1	Lysine-specific demethylase 3A (EC 1.14.11.65) (JmjC domain-containing histone demethylation protein 2A) (Jumonji domain-containing protein 1A) ([histone H3]-dimethyl-L-lysine(9) demethylase 3A)	9606-ENSP00000386660;
RERE	Q9P2R6	Arginine-glutamic acid dipeptide repeats protein (Atrophin-1-like protein) (Atrophin-1-related protein)	9606-ENSP00000338629;
ETV5	P41161	ETS translocation variant 5 (Ets-related protein ERM)	9606-ENSP00000306894;
ZNF17	P17021	Zinc finger protein 17 (Zinc finger protein HPF3) (Zinc finger protein KOX10)	9606-ENSP00000471905;
ATF1	P18846	Cyclic AMP-dependent transcription factor ATF-1 (cAMP-dependent transcription factor ATF-1) (Activating transcription factor 1) (Protein TREB36)	9606-ENSP00000262053;
NR1H2	P55055	Oxysterols receptor LXR-beta (Liver X receptor beta) (Nuclear receptor NER) (Nuclear receptor subfamily 1 group H member 2) (Ubiquitously-expressed nuclear receptor)	9606-ENSP00000253727;
HNF1A	P20823	Hepatocyte nuclear factor 1-alpha (HNF-1-alpha) (HNF-1A) (Liver-specific transcription factor LF-B1) (LFB1) (Transcription factor 1) (TCF-1)	9606-ENSP00000257555;
HOXA7	P31268	Homeobox protein Hox-A7 (Homeobox protein Hox 1.1) (Homeobox protein Hox-1A)	9606-ENSP00000242159;
ZMYM4	Q5VZL5	Zinc finger MYM-type protein 4 (Zinc finger protein 262)	9606-ENSP00000322915;
ZBTB33	Q86T24	Transcriptional regulator Kaiso (Zinc finger and BTB domain-containing protein 33)	9606-ENSP00000314153;
ZNF526	Q8TF50	Zinc finger protein 526	9606-ENSP00000301215;
NFATC3	Q12968	Nuclear factor of activated T-cells, cytoplasmic 3 (NF-ATc3) (NFATc3) (NFATx) (T-cell transcription factor NFAT4) (NF-AT4) (NF-AT4c)	9606-ENSP00000300659;
DMAP1	Q9NPF5	DNA methyltransferase 1-associated protein 1 (DNMAP1) (DNMT1-associated protein 1)	9606-ENSP00000361363;
NCOA2	Q15596	Nuclear receptor coactivator 2 (NCoA-2) (Class E basic helix-loop-helix protein 75) (bHLHe75) (Transcriptional intermediary factor 2) (hTIF2)	9606-ENSP00000399968;
ZNF318	Q5VUA4	Zinc finger protein 318 (Endocrine regulatory protein)	9606-ENSP00000354964;
DDIT3	P0DPQ6	DDIT3 upstream open reading frame protein (Alternative DDIT3 protein) (AltDDIT3)	
DDIT3	P35638	DNA damage-inducible transcript 3 protein (DDIT-3) (C/EBP zeta) (C/EBP-homologous protein) (CHOP) (C/EBP-homologous protein 10) (CHOP-10) (CCAAT/enhancer-binding protein homologous protein) (Growth arrest and DNA damage-inducible protein GADD153)	9606-ENSP00000448665;
ZNF511	Q8NB15	Zinc finger protein 511	9606-ENSP00000355251;
ZBTB4	Q9P1Z0	Zinc finger and BTB domain-containing protein 4 (KAISO-like zinc finger protein 1) (KAISO-L1)	9606-ENSP00000307858;
ZNF563	Q8TA94	Zinc finger protein 563	9606-ENSP00000293725;
SNAPC2	Q13487	snRNA-activating protein complex subunit 2 (SNAPc subunit 2) (Proximal sequence element-binding transcription factor subunit delta) (PSE-binding factor subunit delta) (PTF subunit delta) (Small nuclear RNA-activating complex polypeptide 2) (snRNA-activating protein complex 45 kDa subunit) (SNAPc 45 kDa subunit)	9606-ENSP00000221573;
NRF1	Q14494	Endoplasmic reticulum membrane sensor NFE2L1 (Locus control region-factor 1) (LCR-F1) (Nuclear factor erythroid 2-related factor 1) (NF-E2-related factor 1) (NFE2-related factor 1) (Nuclear factor, erythroid derived 2, like 1) (Protein NRF1, p120 form) (Transcription factor 11) (TCF-11) [Cleaved into: Transcription factor NRF1 (Protein NRF1, p110 form)]	9606-ENSP00000354855;
NRF1	Q16656	Nuclear respiratory factor 1 (NRF-1) (Alpha palindromic-binding protein) (Alpha-pal)	9606-ENSP00000376924;
ETV6	P41212	Transcription factor ETV6 (ETS translocation variant 6) (ETS-related protein Tel1) (Tel)	9606-ENSP00000379658;
ZNF607	Q96SK3	Zinc finger protein 607	9606-ENSP00000347338;
ZNF146	Q15072	Zinc finger protein OZF (Only zinc finger protein) (Zinc finger protein 146)	9606-ENSP00000400391;
ATF2	P15336	Cyclic AMP-dependent transcription factor ATF-2 (cAMP-dependent transcription factor ATF-2) (Activating transcription factor 2) (Cyclic AMP-responsive element-binding protein 2) (CREB-2) (cAMP-responsive element-binding protein 2) (HB16) (cAMP response element-binding protein CRE-BP1)	9606-ENSP00000264110;
ZNF333	Q96JL9	Zinc finger protein 333	9606-ENSP00000292530;
ZNF691	Q5VV52	Zinc finger protein 691	9606-ENSP00000361580;
TERF1	P54274	Telomeric repeat-binding factor 1 (NIMA-interacting protein 2) (TTAGGG repeat-binding factor 1) (Telomeric protein Pin2/TRF1)	9606-ENSP00000276603;
ZNF548	Q8NEK5	Zinc finger protein 548	9606-ENSP00000337555;
FLYWCH1	Q4VC44	FLYWCH-type zinc finger-containing protein 1	9606-ENSP00000399938;
ZNF496	Q96IT1	Zinc finger protein 496 (Zinc finger protein with KRAB and SCAN domains 17)	9606-ENSP00000294753;
CAMTA2	O94983	Calmodulin-binding transcription activator 2	9606-ENSP00000412886;
MZF1	P28698	Myeloid zinc finger 1 (MZF-1) (Zinc finger and SCAN domain-containing protein 6) (Zinc finger protein 42)	9606-ENSP00000215057;
KLF11	O14901	Krueppel-like factor 11 (Transforming growth factor-beta-inducible early growth response protein 2) (TGFB-inducible early growth response protein 2) (TIEG-2)	9606-ENSP00000307023;
ZNF724P	A8MTY0	Zinc finger protein 724	9606-ENSP00000413411;
ZNF778	Q96MU6	Zinc finger protein 778	9606-ENSP00000405289;
ZSCAN22	P10073	Zinc finger and SCAN domain-containing protein 22 (Krueppel-related zinc finger protein 2) (Protein HKR2) (Zinc finger protein 50)	9606-ENSP00000332433;
HMGA1	P17096	High mobility group protein HMG-I/HMG-Y (HMG-I(Y)) (High mobility group AT-hook protein 1) (High mobility group protein A1) (High mobility group protein R)	9606-ENSP00000399888;
HOXA9	P31269	Homeobox protein Hox-A9 (Homeobox protein Hox-1G)	9606-ENSP00000343619;
ISX	Q2M1V0	Intestine-specific homeobox (RAX-like homeobox)	9606-ENSP00000311492;
EP300	Q09472	Histone acetyltransferase p300 (p300 HAT) (EC 2.3.1.48) (E1A-associated protein p300) (Histone butyryltransferase p300) (EC 2.3.1.-) (Histone crotonyltransferase p300) (EC 2.3.1.-) (Protein 2-hydroxyisobutyryltransferase p300) (EC 2.3.1.-) (Protein lactyltransferas p300) (EC 2.3.1.-) (Protein propionyltransferase p300) (EC 2.3.1.-)	9606-ENSP00000263253;
PITX1	P78337	Pituitary homeobox 1 (Hindlimb-expressed homeobox protein backfoot) (Homeobox protein PITX1) (Paired-like homeodomain transcription factor 1)	9606-ENSP00000265340;
MLLT10	P55197	Protein AF-10 (ALL1-fused gene from chromosome 10 protein)	9606-ENSP00000307411;
MXD3	Q9BW11	Max dimerization protein 3 (Max dimerizer 3) (Class C basic helix-loop-helix protein 13) (bHLHc13) (Max-associated protein 3) (Max-interacting transcriptional repressor MAD3) (Myx)	9606-ENSP00000401867;
ZNF460	Q14592	Zinc finger protein 460 (Zinc finger protein 272) (Zinc finger protein HZF8)	9606-ENSP00000353491;
CBX5	P45973	Chromobox protein homolog 5 (Antigen p25) (Heterochromatin protein 1 homolog alpha) (HP1 alpha)	9606-ENSP00000209875;
CREB1	P16220	Cyclic AMP-responsive element-binding protein 1 (CREB-1) (cAMP-responsive element-binding protein 1)	9606-ENSP00000387699;
TEAD2	Q15562	Transcriptional enhancer factor TEF-4 (TEA domain family member 2) (TEAD-2)	9606-ENSP00000472109;
ZNF615	Q8N8J6	Zinc finger protein 615	9606-ENSP00000471549;
ZKSCAN5	Q9Y2L8	Zinc finger protein with KRAB and SCAN domains 5 (Zinc finger protein 95 homolog) (Zfp-95)	9606-ENSP00000377725;
HHEX	Q03014	Hematopoietically-expressed homeobox protein HHEX (Homeobox protein HEX) (Homeobox protein PRH) (Proline-rich homeodomain protein)	9606-ENSP00000282728;
KDM5B	Q9UGL1	Lysine-specific demethylase 5B (EC 1.14.11.67) (Cancer/testis antigen 31) (CT31) (Histone demethylase JARID1B) (Jumonji/ARID domain-containing protein 1B) (PLU-1) (Retinoblastoma-binding protein 2 homolog 1) (RBP2-H1) ([histone H3]-trimethyl-L-lysine(4) demethylase 5B)	9606-ENSP00000356234;
ZNF484	Q5JVG2	Zinc finger protein 484	9606-ENSP00000378881;
MAZ	P56270	Myc-associated zinc finger protein (MAZI) (Pur-1) (Purine-binding transcription factor) (Serum amyloid A-activating factor-1) (SAF-1) (Transcription factor Zif87) (ZF87) (Zinc finger protein 801)	9606-ENSP00000219782;
GATA4	P43694	Transcription factor GATA-4 (GATA-binding factor 4)	9606-ENSP00000334458;
LRRFIP1	Q32MZ4	Leucine-rich repeat flightless-interacting protein 1 (LRR FLII-interacting protein 1) (GC-binding factor 2) (TAR RNA-interacting protein)	9606-ENSP00000375857;
ETS1	P14921	Protein C-ets-1 (p54)	9606-ENSP00000376436;
ZNF589	Q86UQ0	Zinc finger protein 589 (Stem cell zinc finger protein 1)	9606-ENSP00000346729;
GABPA	Q06546	GA-binding protein alpha chain (GABP subunit alpha) (Nuclear respiratory factor 2 subunit alpha) (Transcription factor E4TF1-60)	9606-ENSP00000346886;
SMAD1	Q15797	Mothers against decapentaplegic homolog 1 (MAD homolog 1) (Mothers against DPP homolog 1) (JV4-1) (Mad-related protein 1) (SMAD family member 1) (SMAD 1) (Smad1) (hSMAD1) (Transforming growth factor-beta-signaling protein 1) (BSP-1)	9606-ENSP00000426568;
KLF6	Q99612	Krueppel-like factor 6 (B-cell-derived protein 1) (Core promoter element-binding protein) (GC-rich sites-binding factor GBF) (Proto-oncogene BCD1) (Suppressor of tumorigenicity 12 protein) (Transcription factor Zf9)	9606-ENSP00000419923;
WIZ	O95785	Protein Wiz (Widely-interspaced zinc finger-containing protein) (Zinc finger protein 803)	9606-ENSP00000263381;
TFDP2	Q14188	Transcription factor Dp-2 (E2F dimerization partner 2)	9606-ENSP00000420616;
ZSCAN30	Q86W11	Zinc finger and SCAN domain-containing protein 30 (ZNF-WYM) (Zinc finger protein 397 opposite strand) (Zinc finger protein 397OS)	9606-ENSP00000392371;
MEIS1	O00470	Homeobox protein Meis1	9606-ENSP00000272369;
ZNF609	O15014	Zinc finger protein 609	9606-ENSP00000316527;
AKAP8L	Q9ULX6	A-kinase anchor protein 8-like (AKAP8-like protein) (Helicase A-binding protein 95) (HAP95) (Homologous to AKAP95 protein) (HA95) (Neighbor of A-kinase-anchoring protein 95) (Neighbor of AKAP95)	9606-ENSP00000380557;
GPBP1L1	Q9HC44	Vasculin-like protein 1 (GC-rich promoter-binding protein 1-like 1)	9606-ENSP00000347224;
ATRX	P46100	Transcriptional regulator ATRX (EC 3.6.4.12) (ATP-dependent helicase ATRX) (X-linked helicase II) (X-linked nuclear protein) (XNP) (Znf-HX)	9606-ENSP00000362441;
DZIP1	Q86YF9	Cilium assembly protein DZIP1 (DAZ-interacting protein 1/2) (DAZ-interacting zinc finger protein 1)	9606-ENSP00000257312;
ZBED5	Q49AG3	Zinc finger BED domain-containing protein 5 (Transposon-derived Buster1 transposase-like protein)	9606-ENSP00000398106;
ZBTB21	Q9ULJ3	Zinc finger and BTB domain-containing protein 21 (Zinc finger protein 295)	9606-ENSP00000308759;
ZNF275	Q9NSD4	Zinc finger protein 275	9606-ENSP00000359271;
ZNF546	Q86UE3	Zinc finger protein 546 (Zinc finger protein 49)	9606-ENSP00000339823;
SALL2	Q9Y467	Sal-like protein 2 (Zinc finger protein 795) (Zinc finger protein SALL2) (Zinc finger protein Spalt-2) (Sal-2) (hSal2)	9606-ENSP00000483562;
ARID5B	Q14865	AT-rich interactive domain-containing protein 5B (ARID domain-containing protein 5B) (MRF1-like protein) (Modulator recognition factor 2) (MRF-2)	9606-ENSP00000279873;
PAXIP1	Q6ZW49	PAX-interacting protein 1 (PAX transactivation activation domain-interacting protein)	9606-ENSP00000384048;
ZNF792	Q3KQV3	Zinc finger protein 792	9606-ENSP00000385099;
TOPORS	Q9NS56	E3 ubiquitin-protein ligase Topors (EC 2.3.2.27) (RING-type E3 ubiquitin transferase Topors) (SUMO1-protein E3 ligase Topors) (Topoisomerase I-binding RING finger protein) (Topoisomerase I-binding arginine/serine-rich protein) (Tumor suppressor p53-binding protein 3) (p53-binding protein 3) (p53BP3)	9606-ENSP00000353735;
FOXA2	Q9Y261	Hepatocyte nuclear factor 3-beta (HNF-3-beta) (HNF-3B) (Forkhead box protein A2) (Transcription factor 3B) (TCF-3B)	9606-ENSP00000400341;
ERF	P50548	ETS domain-containing transcription factor ERF (Ets2 repressor factor) (PE-2)	9606-ENSP00000222329;
KAT8	Q9H7Z6	Histone acetyltransferase KAT8 (EC 2.3.1.48) (Lysine acetyltransferase 8) (MOZ, YBF2/SAS3, SAS2 and TIP60 protein 1) (MYST-1) (Males-absent on the first protein homolog) (hMOF) (Protein acetyltransferase KAT8) (EC 2.3.1.-) (Protein propionyltransferase KAT8) (EC 2.3.1.-)	9606-ENSP00000406037;
ELK1	P19419	ETS domain-containing protein Elk-1	9606-ENSP00000483056;
ZNF776	Q68DI1	Zinc finger protein 776	9606-ENSP00000321812;
ZNF503	Q96F45	Zinc finger protein 503	9606-ENSP00000361602;
ZNF704	Q6ZNC4	Zinc finger protein 704	9606-ENSP00000331462;
ZNF571	Q7Z3V5	Zinc finger protein 571	9606-ENSP00000333660;
ZNF230	Q8WVD5	RING finger protein 141 (Zinc finger protein 230)	9606-ENSP00000265981;
ZNF230	Q9UIE0	Zinc finger protein 230 (Zinc finger protein FDZF2)	9606-ENSP00000409318;
SMYD3	Q9H7B4	Histone-lysine N-methyltransferase SMYD3 (EC 2.1.1.354) (SET and MYND domain-containing protein 3) (Zinc finger MYND domain-containing protein 1)	9606-ENSP00000419184;
KAT7	O95251	Histone acetyltransferase KAT7 (EC 2.3.1.48) (Histone acetyltransferase binding to ORC1) (Lysine acetyltransferase 7) (MOZ, YBF2/SAS3, SAS2 and TIP60 protein 2) (MYST-2)	9606-ENSP00000259021;
HOMEZ	Q8IX15	Homeobox and leucine zipper protein Homez (Homeodomain leucine zipper-containing factor)	9606-ENSP00000350049;
NONO	Q15233	Non-POU domain-containing octamer-binding protein (NonO protein) (54 kDa nuclear RNA- and DNA-binding protein) (p54(nrb)) (p54nrb) (55 kDa nuclear protein) (NMT55) (DNA-binding p52/p100 complex, 52 kDa subunit)	9606-ENSP00000276079;
IRF2	P14316	Interferon regulatory factor 2 (IRF-2)	9606-ENSP00000377218;
ATF3	P18847	Cyclic AMP-dependent transcription factor ATF-3 (cAMP-dependent transcription factor ATF-3) (Activating transcription factor 3)	9606-ENSP00000344352;
CBFB	Q13951	Core-binding factor subunit beta (CBF-beta) (Polyomavirus enhancer-binding protein 2 beta subunit) (PEA2-beta) (PEBP2-beta) (SL3-3 enhancer factor 1 subunit beta) (SL3/AKV core-binding factor beta subunit)	9606-ENSP00000415151;
SOX5	P35711	Transcription factor SOX-5	9606-ENSP00000398273;
ZNF280B	Q86YH2	Zinc finger protein 280B (5'OY11.1) (Suppressor of hairy wing homolog 2) (Zinc finger protein 279) (Zinc finger protein 632)	9606-ENSP00000480958;
ZNF674	Q2M3X9	Zinc finger protein 674	9606-ENSP00000429148;
ZFHX3	Q15911	Zinc finger homeobox protein 3 (AT motif-binding factor 1) (AT-binding transcription factor 1) (Alpha-fetoprotein enhancer-binding protein) (Zinc finger homeodomain protein 3) (ZFH-3)	9606-ENSP00000268489;
ZNF83	P51522	Zinc finger protein 83 (Zinc finger protein 816B) (Zinc finger protein HPF1)	9606-ENSP00000472619;
ZNF549	Q6P9A3	Zinc finger protein 549	9606-ENSP00000365407;
PAWR	Q96IZ0	PRKC apoptosis WT1 regulator protein (Prostate apoptosis response 4 protein) (Par-4)	9606-ENSP00000328088;
REPIN1	Q9BWE0	Replication initiator 1 (60 kDa origin-specific DNA-binding protein) (60 kDa replication initiation region protein) (ATT-binding protein) (DHFR oribeta-binding protein RIP60) (Zinc finger protein 464)	9606-ENSP00000417291;
ARID4A	P29374	AT-rich interactive domain-containing protein 4A (ARID domain-containing protein 4A) (Retinoblastoma-binding protein 1) (RBBP-1)	9606-ENSP00000347602;
ZNF781	Q8N8C0	Zinc finger protein 781	9606-ENSP00000351391;
KLF9	Q13886	Krueppel-like factor 9 (Basic transcription element-binding protein 1) (BTE-binding protein 1) (GC-box-binding protein 1) (Transcription factor BTEB1)	9606-ENSP00000366330;
ZNF839	A8K0R7	Zinc finger protein 839 (Renal carcinoma antigen NY-REN-50)	9606-ENSP00000399863;
ZNF562	Q6V9R5	Zinc finger protein 562	9606-ENSP00000410734;
NFE2L1	Q14494	Endoplasmic reticulum membrane sensor NFE2L1 (Locus control region-factor 1) (LCR-F1) (Nuclear factor erythroid 2-related factor 1) (NF-E2-related factor 1) (NFE2-related factor 1) (Nuclear factor, erythroid derived 2, like 1) (Protein NRF1, p120 form) (Transcription factor 11) (TCF-11) [Cleaved into: Transcription factor NRF1 (Protein NRF1, p110 form)]	9606-ENSP00000354855;
MNX1	P50219	Motor neuron and pancreas homeobox protein 1 (Homeobox protein HB9)	9606-ENSP00000252971;
ZNF251	Q9BRH9	Zinc finger protein 251	9606-ENSP00000292562;
E2F8	A0AVK6	Transcription factor E2F8 (E2F-8)	9606-ENSP00000481103;
ZNF510	Q9Y2H8	Zinc finger protein 510	9606-ENSP00000364379;
ZFP36L2	P47974	mRNA decay activator protein ZFP36L2 (Butyrate response factor 2) (EGF-response factor 2) (ERF-2) (TPA-induced sequence 11d) (Zinc finger protein 36, C3H1 type-like 2) (ZFP36-like 2)	9606-ENSP00000282388;
RORA	P35398	Nuclear receptor ROR-alpha (Nuclear receptor RZR-alpha) (Nuclear receptor subfamily 1 group F member 1) (RAR-related orphan receptor A) (Retinoid-related orphan receptor-alpha)	9606-ENSP00000261523;
NFIA	Q12857	Nuclear factor 1 A-type (NF1-A) (Nuclear factor 1/A) (CCAAT-box-binding transcription factor) (CTF) (Nuclear factor I/A) (NF-I/A) (NFI-A) (TGGCA-binding protein)	9606-ENSP00000360231;
JUN	P05412	Transcription factor Jun (Activator protein 1) (AP1) (Proto-oncogene c-Jun) (Transcription factor AP-1 subunit Jun) (V-jun avian sarcoma virus 17 oncogene homolog) (p39)	9606-ENSP00000360266;
ONECUT2	O95948	One cut domain family member 2 (Hepatocyte nuclear factor 6-beta) (HNF-6-beta) (One cut homeobox 2) (Transcription factor ONECUT-2) (OC-2)	9606-ENSP00000419185;
ZSCAN9	O15535	Zinc finger and SCAN domain-containing protein 9 (Cell proliferation-inducing gene 12 protein) (PRD51) (Zinc finger protein 193)	
ZFP41	Q8N8Y5	Zinc finger protein 41 homolog (Zfp-41)	9606-ENSP00000327427;
ZNF720	Q7Z2F6	KRAB domain-containing protein 5	9606-ENSP00000319222;
ZBTB40	Q9NUA8	Zinc finger and BTB domain-containing protein 40	9606-ENSP00000384527;
HIC2	Q96JB3	Hypermethylated in cancer 2 protein (Hic-2) (HIC1-related gene on chromosome 22 protein) (Hic-3) (Zinc finger and BTB domain-containing protein 30)	9606-ENSP00000387757;
ZNF527	Q8NB42	Zinc finger protein 527	9606-ENSP00000390179;
STAT5B	P51692	Signal transducer and activator of transcription 5B	9606-ENSP00000293328;
ZNF780A	O75290	Zinc finger protein 780A	9606-ENSP00000400997;
FOXA3	P55318	Hepatocyte nuclear factor 3-gamma (HNF-3-gamma) (HNF-3G) (Fork head-related protein FKH H3) (Forkhead box protein A3) (Transcription factor 3G) (TCF-3G)	9606-ENSP00000304004;
CHCHD3	Q9NX63	MICOS complex subunit MIC19 (Coiled-coil-helix-coiled-coil-helix domain-containing protein 3)	9606-ENSP00000262570;
ZNF3	P17036	Zinc finger protein 3 (Zinc finger protein HF.12) (Zinc finger protein HZF3.1) (Zinc finger protein KOX25)	9606-ENSP00000306372;
HOXD1	Q9GZZ0	Homeobox protein Hox-D1 (Homeobox protein Hox-GG)	9606-ENSP00000328598;
HNF4G	Q14541	Hepatocyte nuclear factor 4-gamma (HNF-4-gamma) (Nuclear receptor subfamily 2 group A member 2)	9606-ENSP00000379701;
AHR	P35869	Aryl hydrocarbon receptor (Ah receptor) (AhR) (Class E basic helix-loop-helix protein 76) (bHLHe76)	9606-ENSP00000242057;
JARID2	Q92833	Protein Jumonji (Jumonji/ARID domain-containing protein 2)	9606-ENSP00000341280;
THAP4	Q8WY91	Peroxynitrite isomerase THAP4 (EC 5.99.-.-) (Ferric Homo sapiens nitrobindin) (Hs-Nb(III)) (THAP domain-containing protein 4)	9606-ENSP00000385006;
ZFP64	Q9NTW7	Zinc finger protein 64 (Zfp-64) (Zinc finger protein 338)	9606-ENSP00000216923;
DBP	Q10586	D site-binding protein (Albumin D box-binding protein) (Albumin D-element-binding protein) (Tax-responsive enhancer element-binding protein 302) (TaxREB302)	9606-ENSP00000222122;
ZNF777	Q9ULD5	Zinc finger protein 777	9606-ENSP00000247930;
ZBED4	O75132	Zinc finger BED domain-containing protein 4	9606-ENSP00000216268;
HLF	Q16534	Hepatic leukemia factor	9606-ENSP00000226067;
ZNF608	Q9ULD9	Zinc finger protein 608 (Renal carcinoma antigen NY-REN-36)	9606-ENSP00000307746;
DR1	Q01658	Protein Dr1 (Down-regulator of transcription 1) (Negative cofactor 2-beta) (NC2-beta) (TATA-binding protein-associated phosphoprotein)	9606-ENSP00000359295;
ZNF547	Q8IVP9	Zinc finger protein 547	9606-ENSP00000282282;
ELF3	P78545	ETS-related transcription factor Elf-3 (E74-like factor 3) (Epithelial-restricted with serine box) (Epithelium-restricted Ets protein ESX) (Epithelium-specific Ets transcription factor 1) (ESE-1)	9606-ENSP00000352673;
ZNF274	Q96GC6	Neurotrophin receptor-interacting factor homolog (Zinc finger protein 274) (Zinc finger protein HFB101) (Zinc finger protein with KRAB and SCAN domains 19) (Zinc finger protein zfp2) (Zf2)	9606-ENSP00000478533;
TP53	P04637	Cellular tumor antigen p53 (Antigen NY-CO-13) (Phosphoprotein p53) (Tumor suppressor p53)	9606-ENSP00000269305;
POU2F1	P14859	POU domain, class 2, transcription factor 1 (NF-A1) (Octamer-binding protein 1) (Oct-1) (Octamer-binding transcription factor 1) (OTF-1)	9606-ENSP00000356840;
ZBTB20	Q9HC78	Zinc finger and BTB domain-containing protein 20 (Dendritic-derived BTB/POZ zinc finger protein) (Zinc finger protein 288)	9606-ENSP00000419153;
RARG	P13631	Retinoic acid receptor gamma (RAR-gamma) (Nuclear receptor subfamily 1 group B member 3)	9606-ENSP00000388510;
ZNF740	Q8NDX6	Zinc finger protein 740 (OriLyt TD-element-binding protein 7)	9606-ENSP00000409463;
ZNF30	P17039	Zinc finger protein 30 (Zinc finger protein KOX28)	9606-ENSP00000403441;
TSC22D2	O75157	TSC22 domain family protein 2 (TSC22-related-inducible leucine zipper protein 4)	9606-ENSP00000354543;
ZNF317	Q96PQ6	Zinc finger protein 317	9606-ENSP00000247956;
ZBTB7B	O15156	Zinc finger and BTB domain-containing protein 7B (Krueppel-related zinc finger protein cKrox) (hcKrox) (T-helper-inducing POZ/Krueppel-like factor) (Zinc finger and BTB domain-containing protein 15) (Zinc finger protein 67 homolog) (Zfp-67) (Zinc finger protein 857B) (Zinc finger protein Th-POK)	9606-ENSP00000406286;
YEATS2	Q9ULM3	YEATS domain-containing protein 2	9606-ENSP00000306983;
ZSCAN31	Q96LW9	Zinc finger and SCAN domain-containing protein 31 (Zinc finger protein 323)	9606-ENSP00000390076;
PAF1	P28328	Peroxisome biogenesis factor 2 (EC 2.3.2.27) (EC 2.3.2.36) (35 kDa peroxisomal membrane protein) (Peroxin-2) (Peroxisomal membrane protein 3) (Peroxisome assembly factor 1) (PAF-1) (RING finger protein 72)	9606-ENSP00000349543;
PAF1	Q8N7H5	RNA polymerase II-associated factor 1 homolog (hPAF1) (Pancreatic differentiation protein 2)	9606-ENSP00000221265;
HMGXB4	Q9UGU5	HMG domain-containing protein 4 (HMG box-containing protein 4) (High mobility group protein 2-like 1) (Protein HMGBCG)	9606-ENSP00000216106;
ZNF614	Q8N883	Zinc finger protein 614	9606-ENSP00000270649;
ZNF485	Q8NCK3	Zinc finger protein 485	9606-ENSP00000354694;
NRL	P54845	Neural retina-specific leucine zipper protein (NRL)	9606-ENSP00000454062;
HES4	Q9HCC6	Transcription factor HES-4 (hHES4) (Class B basic helix-loop-helix protein 42) (bHLHb42) (Hairy and enhancer of split 4) (bHLH factor Hes4)	
MYBL2	P10244	Myb-related protein B (B-Myb) (Myb-like protein 2)	9606-ENSP00000217026;
MLX	Q9UH92	Max-like protein X (Class D basic helix-loop-helix protein 13) (bHLHd13) (Max-like bHLHZip protein) (Protein BigMax) (Transcription factor-like protein 4)	9606-ENSP00000246912;
KDM2A	Q9Y2K7	Lysine-specific demethylase 2A (EC 1.14.11.27) (CXXC-type zinc finger protein 8) (F-box and leucine-rich repeat protein 11) (F-box protein FBL7) (F-box protein Lilina) (F-box/LRR-repeat protein 11) (JmjC domain-containing histone demethylation protein 1A) ([Histone-H3]-lysine-36 demethylase 1A)	9606-ENSP00000432786;
GLI4	P10075	Zinc finger protein GLI4 (Krueppel-related zinc finger protein 4) (Protein HKR4)	9606-ENSP00000345024;
ZNF800	Q2TB10	Zinc finger protein 800	9606-ENSP00000376989;
SP2	Q02086	Transcription factor Sp2	9606-ENSP00000365931;
